Player,Tm,Opp,Res,MP,FG,FGA,FG%,3P,3PA,3P%,FT,FTA,FT%,ORB,DRB,TRB,AST,STL,BLK,TOV,PF,PTS,GmSc,Data
Jayson Tatum,BOS,NYK,W,30.3,14,18,0.778,8,11,0.727,1,2,0.5,0,4,4,10,1,1,1,1,37,38.1,2024-10-22
Anthony Davis,LAL,MIN,W,37.58,11,23,0.478,1,3,0.333,13,15,0.867,3,13,16,4,1,3,1,1,36,34.0,2024-10-22
Derrick White,BOS,NYK,W,26.63,8,13,0.615,6,10,0.6,2,2,1.0,0,3,3,4,1,0,0,1,24,22.4,2024-10-22
Jrue Holiday,BOS,NYK,W,30.52,7,9,0.778,4,6,0.667,0,0,0.0,2,2,4,4,1,0,0,2,18,19.5,2024-10-22
Miles McBride,NYK,BOS,L,25.85,8,10,0.8,4,5,0.8,2,3,0.667,0,0,0,2,0,0,1,1,22,17.8,2024-10-22
Rui Hachimura,LAL,MIN,W,35.08,7,14,0.5,1,4,0.25,3,4,0.75,3,2,5,1,2,1,0,2,18,15.9,2024-10-22
Jaylen Brown,BOS,NYK,W,29.9,7,18,0.389,5,9,0.556,4,4,1.0,2,5,7,1,1,0,1,3,23,15.6,2024-10-22
Rudy Gobert,MIN,LAL,L,35.33,5,8,0.625,0,0,0.0,3,4,0.75,3,11,14,2,0,1,1,4,13,13.9,2024-10-22
Julius Randle,MIN,LAL,L,34.32,5,10,0.5,1,3,0.333,5,7,0.714,3,6,9,4,0,0,2,3,16,13.7,2024-10-22
Al Horford,BOS,NYK,W,26.08,4,7,0.571,3,5,0.6,0,0,0.0,0,3,3,5,1,1,0,2,11,13.0,2024-10-22
Jalen Brunson,NYK,BOS,L,24.5,9,14,0.643,1,2,0.5,3,3,1.0,0,1,1,2,0,0,4,3,22,12.3,2024-10-22
Anthony Edwards,MIN,LAL,L,41.07,10,25,0.4,5,13,0.385,2,3,0.667,0,6,6,3,0,0,4,3,27,11.8,2024-10-22
Karl-Anthony Towns,NYK,BOS,L,23.62,5,9,0.556,1,2,0.5,1,1,1.0,0,7,7,3,0,0,0,1,12,11.5,2024-10-22
Austin Reaves,LAL,MIN,W,36.03,6,14,0.429,0,5,0.0,0,1,0.0,4,5,9,4,1,1,0,4,12,11.4,2024-10-22
Josh Hart,NYK,BOS,L,24.5,4,6,0.667,0,2,0.0,4,6,0.667,1,3,4,3,0,0,1,0,12,11.3,2024-10-22
Nickeil Alexander-Walker,MIN,LAL,L,28.37,5,7,0.714,3,4,0.75,1,2,0.5,2,3,5,0,0,0,2,0,14,11.0,2024-10-22
LeBron James,LAL,MIN,W,34.65,7,16,0.438,1,4,0.25,1,1,1.0,0,5,5,4,0,2,2,3,16,10.1,2024-10-22
Jaxson Hayes,LAL,MIN,W,15.33,4,5,0.8,0,0,0.0,2,2,1.0,3,1,4,0,0,1,0,3,10,10.0,2024-10-22
Mikal Bridges,NYK,BOS,L,34.62,7,13,0.538,2,7,0.286,0,1,0.0,0,0,0,2,0,0,1,0,16,9.7,2024-10-22
Cameron Payne,NYK,BOS,L,20.72,5,10,0.5,1,4,0.25,0,0,0.0,1,2,3,4,1,0,1,3,11,8.9,2024-10-22
Naz Reid,MIN,LAL,L,26.35,3,8,0.375,2,4,0.5,4,4,1.0,1,3,4,1,0,0,1,3,12,7.7,2024-10-22
Jericho Sims,NYK,BOS,L,24.38,2,3,0.667,0,0,0.0,0,0,0.0,3,6,9,1,0,2,1,0,4,7.7,2024-10-22
Luke Kornet,BOS,NYK,W,19.32,2,3,0.667,0,0,0.0,0,0,0.0,2,1,3,1,1,1,0,0,4,6.8,2024-10-22
Sam Hauser,BOS,NYK,W,24.17,4,10,0.4,2,7,0.286,0,0,0.0,1,4,5,1,0,0,0,2,10,6.4,2024-10-22
Donte DiVincenzo,MIN,LAL,L,31.55,3,11,0.273,2,8,0.25,2,4,0.5,1,2,3,3,2,0,1,2,10,6.3,2024-10-22
D'Angelo Russell,LAL,MIN,W,34.22,4,12,0.333,1,7,0.143,0,0,0.0,0,1,1,5,2,0,1,2,9,6.2,2024-10-22
Dalton Knecht,LAL,MIN,W,15.78,2,4,0.5,1,3,0.333,0,0,0.0,0,1,1,2,1,0,1,1,5,4.3,2024-10-22
OG Anunoby,NYK,BOS,L,34.17,1,7,0.143,0,4,0.0,2,2,1.0,0,5,5,3,1,0,0,3,4,2.9,2024-10-22
Xavier Tillman,BOS,NYK,W,17.7,1,6,0.167,0,3,0.0,0,0,0.0,3,4,7,2,0,0,0,1,2,2.5,2024-10-22
Ariel Hukporti,NYK,BOS,L,6.08,0,0,0.0,0,0,0.0,0,0,0.0,0,4,4,0,0,1,0,0,0,1.9,2024-10-22
Mike Conley,MIN,LAL,L,20.22,1,7,0.143,0,5,0.0,3,3,1.0,2,2,4,2,1,0,3,1,5,1.5,2024-10-22
Pacome Dadiet,NYK,BOS,L,13.38,1,3,0.333,1,2,0.5,0,0,0.0,0,1,1,0,0,0,0,1,3,1.2,2024-10-22
Jaden McDaniels,MIN,LAL,L,16.0,3,8,0.375,0,3,0.0,0,0,0.0,0,2,2,1,1,0,1,5,6,0.9,2024-10-22
Gabe Vincent,LAL,MIN,W,17.22,1,2,0.5,0,0,0.0,0,0,0.0,0,2,2,2,0,0,2,1,2,0.6,2024-10-22
Tyler Kolek,NYK,BOS,L,5.4,1,2,0.5,1,1,1.0,0,0,0.0,0,0,0,0,0,0,2,0,3,0.0,2024-10-22
Jordan Walsh,BOS,NYK,W,6.08,0,1,0.0,0,1,0.0,0,0,0.0,0,0,0,1,0,0,0,0,0,0.0,2024-10-22
Joe Ingles,MIN,LAL,L,6.8,0,1,0.0,0,1,0.0,0,0,0.0,0,0,0,1,0,0,0,1,0,-0.4,2024-10-22
Neemias Queta,BOS,NYK,W,4.33,0,0,0.0,0,0,0.0,0,0,0.0,0,0,0,0,0,0,0,1,0,-0.4,2024-10-22
Bronny James,LAL,MIN,W,2.68,0,2,0.0,0,1,0.0,0,0,0.0,1,0,1,0,0,0,0,0,0,-0.7,2024-10-22
Jacob Toppin,NYK,BOS,L,2.78,0,1,0.0,0,1,0.0,0,0,0.0,0,0,0,0,0,0,0,0,0,-0.7,2024-10-22
Payton Pritchard,BOS,NYK,W,24.97,1,10,0.1,1,9,0.111,0,0,0.0,1,3,4,4,0,0,1,2,3,-1.0,2024-10-22
Max Christie,LAL,MIN,W,11.42,0,3,0.0,0,3,0.0,2,2,1.0,1,1,2,0,0,0,0,5,2,-1.1,2024-10-22
LaMelo Ball,CHO,HOU,W,37.92,10,20,0.5,4,12,0.333,10,10,1.0,1,7,8,11,1,1,2,3,34,33.0,2024-10-23
Lauri Markkanen,UTA,MEM,L,34.57,9,15,0.6,4,7,0.571,13,14,0.929,1,8,9,2,0,0,2,2,35,29.4,2024-10-23
Trae Young,ATL,BRK,W,36.67,7,16,0.438,2,6,0.333,14,16,0.875,1,4,5,12,1,1,3,1,30,29.4,2024-10-23
Paolo Banchero,ORL,MIA,W,31.2,12,24,0.5,4,8,0.5,5,6,0.833,4,7,11,3,1,1,0,2,33,28.5,2024-10-23
Onyeka Okongwu,ATL,BRK,W,28.48,11,12,0.917,0,0,0.0,6,6,1.0,4,4,8,1,0,3,2,1,28,28.4,2024-10-23
Evan Mobley,CLE,TOR,W,26.95,9,14,0.643,1,2,0.5,6,6,1.0,4,5,9,3,2,3,1,2,25,27.5,2024-10-23
Cam Thomas,BRK,ATL,L,33.72,14,27,0.519,7,13,0.538,1,1,1.0,2,3,5,3,3,0,2,4,36,26.5,2024-10-23
Alperen Sengun,HOU,CHO,L,33.87,10,22,0.455,2,3,0.667,3,4,0.75,6,12,18,5,4,1,3,2,25,25.4,2024-10-23
Damian Lillard,MIL,PHI,W,38.3,9,19,0.474,6,12,0.5,6,7,0.857,3,6,9,6,0,0,3,1,30,24.6,2024-10-23
Brandon Ingram,NOP,CHI,W,31.47,13,23,0.565,3,5,0.6,4,4,1.0,2,5,7,2,2,1,3,4,33,24.5,2024-10-23
Giannis Antetokounmpo,MIL,PHI,W,31.2,8,11,0.727,0,0,0.0,9,16,0.563,1,13,14,7,0,1,3,4,25,23.3,2024-10-23
Pascal Siakam,IND,DET,W,31.97,8,15,0.533,1,3,0.333,2,3,0.667,3,5,8,9,2,0,0,0,19,23.2,2024-10-23
Walker Kessler,UTA,MEM,L,29.58,6,7,0.857,0,0,0.0,4,5,0.8,6,8,14,1,1,5,2,2,16,22.1,2024-10-23
Franz Wagner,ORL,MIA,W,23.1,10,16,0.625,3,6,0.5,0,0,0.0,1,3,4,4,2,1,0,3,23,21.7,2024-10-23
Stephen Curry,GSW,POR,W,25.07,4,10,0.4,3,7,0.429,6,6,1.0,0,9,9,10,2,0,2,0,17,21.3,2024-10-23
Cade Cunningham,DET,IND,L,36.53,10,23,0.435,2,6,0.333,6,6,1.0,0,5,5,8,1,0,2,2,28,21.2,2024-10-23
Ja Morant,MEM,UTA,W,27.93,7,12,0.583,0,2,0.0,8,9,0.889,0,5,5,10,1,0,3,4,22,20.9,2024-10-23
Santi Aldama,MEM,UTA,W,31.43,10,16,0.625,5,10,0.5,2,2,1.0,2,3,5,2,0,0,2,2,27,20.7,2024-10-23
Bradley Beal,PHO,LAC,W,38.47,8,12,0.667,4,6,0.667,4,5,0.8,0,3,3,1,1,1,2,1,24,19.3,2024-10-23
CJ McCollum,NOP,CHI,W,29.95,9,19,0.474,5,11,0.455,0,0,0.0,0,2,2,5,1,1,0,1,23,18.7,2024-10-23
Caris LeVert,CLE,TOR,W,20.63,8,9,0.889,2,2,1.0,1,2,0.5,0,1,1,4,0,0,0,1,19,18.2,2024-10-23
Nikola VuÄeviÄ,CHI,NOP,L,30.7,8,12,0.667,1,2,0.5,4,5,0.8,2,9,11,1,0,0,1,3,21,18.0,2024-10-23
Buddy Hield,GSW,POR,W,14.73,8,12,0.667,5,7,0.714,1,1,1.0,1,4,5,1,0,0,1,2,22,17.6,2024-10-23
Donovan Mitchell,CLE,TOR,W,27.67,7,14,0.5,2,5,0.4,5,7,0.714,0,2,2,3,3,1,2,2,21,16.8,2024-10-23
Jarrett Allen,CLE,TOR,W,26.08,5,7,0.714,0,0,0.0,4,5,0.8,2,5,7,1,1,4,1,1,14,16.7,2024-10-23
Tre Mann,CHO,HOU,W,28.95,8,16,0.5,4,8,0.5,4,4,1.0,3,3,6,1,0,1,3,2,24,16.6,2024-10-23
Jalen Duren,DET,IND,L,30.07,4,4,1.0,0,0,0.0,5,6,0.833,4,9,13,4,0,0,2,3,13,16.5,2024-10-23
Desmond Bane,MEM,UTA,W,27.08,8,20,0.4,4,10,0.4,4,4,1.0,0,4,4,4,1,1,1,4,24,16.3,2024-10-23
Ty Jerome,CLE,TOR,W,18.95,6,7,0.857,2,2,1.0,0,0,0.0,1,1,2,6,2,0,2,1,14,16.3,2024-10-23
Taurean Prince,MIL,PHI,W,30.38,6,7,0.857,4,5,0.8,0,0,0.0,0,5,5,3,0,0,0,2,16,16.3,2024-10-23
Jalen Green,HOU,CHO,L,35.45,9,23,0.391,5,15,0.333,5,5,1.0,0,2,2,0,0,0,0,0,28,16.1,2024-10-23
Gary Harris,ORL,MIA,W,21.77,6,9,0.667,6,9,0.667,0,0,0.0,1,2,3,1,0,2,1,1,18,16.1,2024-10-23
Trayce Jackson-Davis,GSW,POR,W,24.62,5,5,1.0,0,0,0.0,4,5,0.8,1,3,4,2,1,0,0,1,14,15.7,2024-10-23
Myles Turner,IND,DET,W,36.05,7,14,0.5,3,8,0.375,3,3,1.0,0,9,9,4,0,4,4,4,20,15.7,2024-10-23
Dyson Daniels,ATL,BRK,W,34.53,6,12,0.5,2,4,0.5,1,4,0.25,3,2,5,2,5,1,1,4,15,15.0,2024-10-23
Chris Boucher,TOR,CLE,L,19.98,5,9,0.556,4,5,0.8,4,6,0.667,1,1,2,1,1,1,1,1,18,14.9,2024-10-23
Tyus Jones,PHO,LAC,W,35.08,5,10,0.5,1,5,0.2,0,0,0.0,0,2,2,8,2,1,0,0,11,14.9,2024-10-23
James Harden,LAC,PHO,L,39.87,10,28,0.357,2,9,0.222,7,9,0.778,3,9,12,8,1,0,8,3,29,14.8,2024-10-23
T.J. McConnell,IND,DET,W,15.8,7,8,0.875,0,0,0.0,0,0,0.0,0,2,2,4,1,0,1,0,14,14.6,2024-10-23
Jalen Smith,CHI,NOP,L,17.3,5,8,0.625,1,3,0.333,4,4,1.0,3,2,5,0,1,0,0,2,15,14.3,2024-10-23
Andrew Wiggins,GSW,POR,W,23.07,8,15,0.533,4,7,0.571,0,0,0.0,2,2,4,2,0,0,1,2,20,14.3,2024-10-23
Terry Rozier,MIA,ORL,L,32.05,5,15,0.333,2,7,0.286,7,7,1.0,0,6,6,5,0,2,3,0,19,14.2,2024-10-23
Zach LaVine,CHI,NOP,L,36.77,10,17,0.588,5,8,0.625,2,3,0.667,1,4,5,3,0,0,7,4,27,14.1,2024-10-23
Dejounte Murray,NOP,CHI,W,29.98,4,15,0.267,0,3,0.0,6,7,0.857,0,8,8,10,1,0,1,0,14,14.1,2024-10-23
Kyle Lowry,PHI,MIL,L,24.2,4,7,0.571,3,5,0.6,2,4,0.5,0,4,4,6,0,0,0,1,13,13.9,2024-10-23
Jaden Ivey,DET,IND,L,30.6,5,13,0.385,0,2,0.0,7,9,0.778,4,1,5,4,1,0,1,3,17,13.8,2024-10-23
Jordan Clarkson,UTA,MEM,L,25.1,7,16,0.438,2,5,0.4,1,2,0.5,2,3,5,7,0,1,2,1,17,13.7,2024-10-23
Yves Missi,NOP,CHI,W,22.77,5,8,0.625,0,0,0.0,2,2,1.0,3,4,7,1,1,3,1,2,12,13.7,2024-10-23
Ivica Zubac,LAC,PHO,L,33.82,8,13,0.615,0,0,0.0,5,8,0.625,1,8,9,3,0,0,3,6,21,13.7,2024-10-23
Jay Huff,MEM,UTA,W,22.45,4,6,0.667,3,5,0.6,2,2,1.0,1,4,5,1,0,2,0,2,13,13.6,2024-10-23
Bennedict Mathurin,IND,DET,W,27.68,5,8,0.625,2,3,0.667,7,9,0.778,1,5,6,1,0,0,3,3,19,13.3,2024-10-23
Scoot Henderson,POR,GSW,L,27.9,7,18,0.389,0,5,0.0,8,9,0.889,1,3,4,4,0,0,2,3,22,13.0,2024-10-23
Kevin Durant,PHO,LAC,W,43.67,8,17,0.471,2,5,0.4,7,9,0.778,0,7,7,0,3,1,7,4,25,12.7,2024-10-23
Javonte Green,NOP,CHI,W,25.22,3,3,1.0,0,0,0.0,3,4,0.75,0,3,3,1,4,0,1,0,9,12.3,2024-10-23
Bobby Portis,MIL,PHI,W,25.85,7,10,0.7,1,1,1.0,1,1,1.0,1,2,3,3,2,1,4,4,16,12.3,2024-10-23
Deni Avdija,POR,GSW,L,27.48,4,10,0.4,0,3,0.0,7,8,0.875,2,5,7,2,2,2,4,2,15,12.1,2024-10-23
Taylor Hendricks,UTA,MEM,L,28.53,4,7,0.571,3,5,0.6,1,2,0.5,2,3,5,0,2,1,0,3,12,12.1,2024-10-23
Gradey Dick,TOR,CLE,L,29.27,5,13,0.385,2,6,0.333,4,4,1.0,1,1,2,1,0,2,0,0,16,12.0,2024-10-23
Jalen Suggs,ORL,MIA,W,12.53,3,4,0.75,1,2,0.5,4,4,1.0,0,2,2,4,1,0,1,3,11,11.6,2024-10-23
Jalen Wilson,BRK,ATL,L,33.97,3,7,0.429,2,5,0.4,8,8,1.0,1,3,4,1,0,0,1,5,16,11.6,2024-10-23
Wendell Carter,ORL,MIA,W,26.62,3,7,0.429,1,2,0.5,1,2,0.5,4,10,14,2,2,0,1,2,8,11.3,2024-10-23
Amir Coffey,LAC,PHO,L,25.82,4,4,1.0,2,2,1.0,1,2,0.5,0,3,3,1,1,0,0,2,11,11.2,2024-10-23
Tyler Herro,MIA,ORL,L,28.75,5,11,0.455,2,5,0.4,2,2,1.0,0,5,5,3,0,1,1,1,14,11.2,2024-10-23
Collin Sexton,UTA,MEM,L,24.98,5,8,0.625,0,0,0.0,6,8,0.75,0,2,2,3,1,1,4,2,16,11.2,2024-10-23
Tyrese Maxey,PHI,MIL,L,38.98,10,31,0.323,2,9,0.222,3,4,0.75,0,6,6,3,1,1,1,1,25,11.1,2024-10-23
Devin Booker,PHO,LAC,W,32.13,5,9,0.556,4,5,0.8,1,2,0.5,0,4,4,6,1,1,4,6,15,11.0,2024-10-23
Derrick Jones,LAC,PHO,L,29.0,5,6,0.833,2,2,1.0,0,0,0.0,2,2,4,1,2,0,2,4,12,10.9,2024-10-23
Toumani Camara,POR,GSW,L,29.88,3,8,0.375,2,4,0.5,3,4,0.75,4,2,6,4,2,0,2,4,11,10.8,2024-10-23
Gary Payton,GSW,POR,W,14.48,3,4,0.75,0,1,0.0,2,2,1.0,0,1,1,3,2,0,0,0,8,10.8,2024-10-23
Tim Hardaway,DET,IND,L,28.93,4,9,0.444,4,7,0.571,2,2,1.0,0,1,1,1,1,0,0,2,14,10.5,2024-10-23
Tyrese Haliburton,IND,DET,W,34.97,6,18,0.333,1,9,0.111,2,2,1.0,1,4,5,4,3,2,3,2,15,10.1,2024-10-23
Moses Moody,GSW,POR,W,14.88,5,11,0.455,3,8,0.375,2,2,1.0,0,2,2,2,0,0,0,3,15,10.1,2024-10-23
Anthony Black,ORL,MIA,W,27.9,4,9,0.444,1,2,0.5,1,3,0.333,4,2,6,4,0,0,0,2,10,9.9,2024-10-23
Cameron Johnson,BRK,ATL,L,32.02,4,10,0.4,1,6,0.167,5,6,0.833,0,4,4,0,1,1,0,3,14,9.9,2024-10-23
Norman Powell,LAC,PHO,L,39.6,5,16,0.313,1,7,0.143,6,6,1.0,1,3,4,4,0,1,3,0,17,9.9,2024-10-23
Daniel Theis,NOP,CHI,W,18.52,3,5,0.6,0,1,0.0,2,2,1.0,0,2,2,3,2,3,2,2,8,9.7,2024-10-23
Caleb Martin,PHI,MIL,L,37.45,5,10,0.5,0,1,0.0,2,2,1.0,4,5,9,3,0,1,3,4,12,9.5,2024-10-23
Kelly Oubre,PHI,MIL,L,30.42,8,18,0.444,1,6,0.167,4,6,0.667,1,1,2,1,0,0,1,5,21,9.5,2024-10-23
Immanuel Quickley,TOR,CLE,L,14.23,4,9,0.444,2,4,0.5,3,4,0.75,0,2,2,4,1,0,2,2,13,9.5,2024-10-23
Jerami Grant,POR,GSW,L,33.17,6,18,0.333,2,8,0.25,2,2,1.0,0,2,2,3,1,1,0,2,16,9.4,2024-10-23
Jordan Hawkins,NOP,CHI,W,27.9,4,9,0.444,3,6,0.5,2,2,1.0,0,7,7,1,0,1,2,1,13,9.4,2024-10-23
Deandre Ayton,POR,GSW,L,30.95,5,12,0.417,0,2,0.0,0,0,0.0,2,9,11,2,2,0,1,2,10,9.3,2024-10-23
Nikola JoviÄ,MIA,ORL,L,24.02,7,14,0.5,1,7,0.143,0,1,0.0,1,4,5,1,1,1,1,4,15,9.3,2024-10-23
Andre Drummond,PHI,MIL,L,25.05,4,8,0.5,0,1,0.0,2,2,1.0,5,8,13,0,0,0,1,5,10,8.9,2024-10-23
Scotty Pippen ,MEM,UTA,W,21.82,3,6,0.5,0,2,0.0,0,2,0.0,1,2,3,7,3,1,2,3,6,8.9,2024-10-23
Draymond Green,GSW,POR,W,20.43,3,3,1.0,1,1,1.0,1,2,0.5,0,6,6,3,1,2,3,3,8,8.8,2024-10-23
Haywood Highsmith,MIA,ORL,L,30.23,4,8,0.5,1,2,0.5,0,0,0.0,1,4,5,2,2,1,1,3,9,8.8,2024-10-23
Fred VanVleet,HOU,CHO,L,37.38,4,18,0.222,2,11,0.182,4,4,1.0,2,2,4,6,2,0,2,1,14,8.8,2024-10-23
De'Andre Hunter,ATL,BRK,W,25.78,3,10,0.3,2,4,0.5,4,5,0.8,1,5,6,1,2,0,0,5,12,8.7,2024-10-23
Brook Lopez,MIL,PHI,W,35.53,3,11,0.273,1,6,0.167,3,4,0.75,1,7,8,6,0,6,4,4,10,8.7,2024-10-23
De'Anthony Melton,GSW,POR,W,19.1,4,11,0.364,2,8,0.25,1,2,0.5,0,2,2,4,3,0,1,3,11,8.7,2024-10-23
Thomas Bryant,MIA,ORL,L,16.02,2,2,1.0,1,1,1.0,2,2,1.0,0,3,3,2,0,1,1,0,7,8.4,2024-10-23
Jaime Jaquez,MIA,ORL,L,19.18,4,9,0.444,2,2,1.0,3,5,0.6,2,3,5,3,0,0,2,4,13,8.3,2024-10-23
Jamal Shead,TOR,CLE,L,18.72,3,7,0.429,1,4,0.25,3,3,1.0,0,1,1,4,1,1,2,2,10,8.3,2024-10-23
Cody Martin,CHO,HOU,W,23.52,2,6,0.333,1,4,0.25,3,4,0.75,3,5,8,1,0,1,0,3,8,8.0,2024-10-23
Georges Niang,CLE,TOR,W,18.55,4,5,0.8,3,4,0.75,0,0,0.0,0,1,1,0,0,0,1,1,11,8.0,2024-10-23
Jusuf NurkiÄ,PHO,LAC,W,22.32,2,5,0.4,1,4,0.25,6,8,0.75,0,9,9,2,2,0,4,4,11,8.0,2024-10-23
Bam Adebayo,MIA,ORL,L,25.52,1,5,0.2,0,2,0.0,7,10,0.7,3,2,5,1,0,0,0,1,9,7.7,2024-10-23
Josh Giddey,CHI,NOP,L,30.48,5,11,0.455,0,1,0.0,4,7,0.571,1,4,5,3,0,0,3,1,14,7.7,2024-10-23
Clint Capela,ATL,BRK,W,19.52,3,5,0.6,0,0,0.0,0,0,0.0,1,6,7,1,1,1,1,0,6,7.6,2024-10-23
Mason Plumlee,PHO,LAC,W,14.22,2,2,1.0,0,0,0.0,4,6,0.667,1,1,2,1,0,1,1,1,8,7.6,2024-10-23
Amen Thompson,HOU,CHO,L,21.83,5,11,0.455,1,2,0.5,2,4,0.5,1,3,4,0,0,1,0,3,13,7.6,2024-10-23
Ochai Agbaji,TOR,CLE,L,25.25,1,1,1.0,0,0,0.0,1,2,0.5,4,2,6,1,1,1,0,2,3,7.3,2024-10-23
Kyle Anderson,GSW,POR,W,14.85,1,2,0.5,0,1,0.0,0,0,0.0,3,2,5,3,2,1,1,1,2,7.1,2024-10-23
Aaron Nesmith,IND,DET,W,18.75,2,4,0.5,1,2,0.5,2,2,1.0,1,1,2,0,2,1,0,4,7,7.1,2024-10-23
Kris Dunn,LAC,PHO,L,20.25,2,4,0.5,1,2,0.5,0,0,0.0,2,2,4,2,2,0,1,1,5,7.0,2024-10-23
Jalen Johnson,ATL,BRK,W,36.85,4,9,0.444,0,3,0.0,3,8,0.375,1,9,10,4,3,1,6,3,11,7.0,2024-10-23
Noah Clowney,BRK,ATL,L,14.6,2,6,0.333,1,3,0.333,2,2,1.0,3,3,6,0,1,1,1,1,7,6.9,2024-10-23
Pat Connaughton,MIL,PHI,W,20.9,4,9,0.444,1,5,0.2,0,0,0.0,1,3,4,1,0,1,0,1,9,6.9,2024-10-23
Andrew Nembhard,IND,DET,W,34.82,3,8,0.375,0,2,0.0,2,2,1.0,0,2,2,7,1,0,2,3,8,6.9,2024-10-23
Guerschon Yabusele,PHI,MIL,L,25.52,4,8,0.5,1,4,0.25,1,3,0.333,2,2,4,3,3,0,3,6,10,6.9,2024-10-23
Moritz Wagner,ORL,MIA,W,16.03,2,4,0.5,1,3,0.333,2,2,1.0,1,5,6,2,0,0,1,2,7,6.8,2024-10-23
Gary Trent,MIL,PHI,W,34.45,3,6,0.5,2,5,0.4,3,3,1.0,0,2,2,0,0,0,0,5,11,6.6,2024-10-23
Dean Wade,CLE,TOR,W,19.7,2,5,0.4,1,3,0.333,0,0,0.0,1,7,8,1,2,0,0,3,5,6.6,2024-10-23
Lindy Waters,GSW,POR,W,5.12,3,3,1.0,2,2,1.0,0,0,0.0,0,1,1,0,0,0,0,2,8,6.6,2024-10-23
John Konchar,MEM,UTA,W,15.23,1,1,1.0,1,1,1.0,2,2,1.0,1,4,5,1,0,0,0,2,5,6.5,2024-10-23
Terance Mann,LAC,PHO,L,27.1,4,6,0.667,0,1,0.0,0,3,0.0,1,4,5,4,1,0,1,6,8,6.5,2024-10-23
Coby White,CHI,NOP,L,34.78,4,13,0.308,0,5,0.0,2,2,1.0,0,8,8,6,1,1,4,1,10,6.4,2024-10-23
Malik Beasley,DET,IND,L,27.83,5,13,0.385,2,6,0.333,2,3,0.667,0,3,3,1,0,0,1,2,14,6.3,2024-10-23
Jeremiah Robinson-Earl,NOP,CHI,W,6.72,2,3,0.667,2,3,0.667,0,0,0.0,0,1,1,1,1,0,0,1,6,6.3,2024-10-23
Grayson Allen,PHO,LAC,W,21.38,2,7,0.286,2,6,0.333,2,2,1.0,0,1,1,3,1,1,1,2,8,6.2,2024-10-23
Nic Claxton,BRK,ATL,L,15.42,3,4,0.75,0,0,0.0,1,4,0.25,0,5,5,0,1,1,0,3,7,6.2,2024-10-23
Jock Landale,HOU,CHO,L,10.47,2,4,0.5,1,1,1.0,0,0,0.0,3,0,3,2,0,0,0,1,5,6.1,2024-10-23
Anfernee Simons,POR,GSW,L,32.62,5,12,0.417,2,7,0.286,3,3,1.0,0,2,2,3,1,0,5,3,15,6.1,2024-10-23
Jabari Smith,HOU,CHO,L,33.13,2,7,0.286,2,5,0.4,2,3,0.667,1,4,5,1,0,1,0,2,8,6.0,2024-10-23
Ayo Dosunmu,CHI,NOP,L,24.97,4,6,0.667,0,2,0.0,0,0,0.0,0,4,4,3,0,0,2,2,8,5.9,2024-10-23
Dorian Finney-Smith,BRK,ATL,L,29.55,3,10,0.3,2,7,0.286,0,0,0.0,3,5,8,1,1,2,1,5,8,5.9,2024-10-23
Nick Richards,CHO,HOU,W,23.92,3,4,0.75,0,0,0.0,0,2,0.0,2,6,8,1,0,2,1,5,6,5.9,2024-10-23
Rayan Rupert,POR,GSW,L,16.95,3,4,0.75,0,1,0.0,0,0,0.0,1,2,3,0,1,0,0,2,6,5.9,2024-10-23
Ziaire Williams,BRK,ATL,L,15.85,3,6,0.5,2,3,0.667,1,2,0.5,1,2,3,1,0,0,1,2,9,5.8,2024-10-23
Miles Bridges,CHO,HOU,W,32.28,5,11,0.455,0,3,0.0,0,0,0.0,0,9,9,2,1,1,4,1,10,5.7,2024-10-23
Jamison Battle,TOR,CLE,L,16.37,2,4,0.5,2,4,0.5,0,0,0.0,0,2,2,1,0,1,0,1,6,5.6,2024-10-23
Jonathan Mogbo,TOR,CLE,L,11.22,2,4,0.5,1,2,0.5,2,2,1.0,0,0,0,0,1,0,0,1,7,5.6,2024-10-23
Tobias Harris,DET,IND,L,35.78,6,13,0.462,1,6,0.167,0,0,0.0,1,1,2,1,0,1,2,3,13,5.5,2024-10-23
Brandon Miller,CHO,HOU,W,10.73,2,4,0.5,1,2,0.5,1,1,1.0,1,0,1,1,1,0,1,0,6,5.4,2024-10-23
Grant Williams,CHO,HOU,W,24.82,3,6,0.5,2,4,0.5,0,0,0.0,1,3,4,1,1,1,2,4,8,5.4,2024-10-23
Marcus Smart,MEM,UTA,W,26.03,3,11,0.273,1,6,0.167,4,4,1.0,3,2,5,1,1,0,2,4,11,5.3,2024-10-23
Ben Simmons,BRK,ATL,L,24.2,3,4,0.75,0,0,0.0,0,0,0.0,2,3,5,8,0,1,6,5,6,5.0,2024-10-23
Ricky Council,PHI,MIL,L,9.0,1,2,0.5,1,1,1.0,4,4,1.0,0,1,1,0,0,0,1,1,7,4.9,2024-10-23
Kai Jones,LAC,PHO,L,13.0,3,5,0.6,0,0,0.0,0,0,0.0,2,2,4,0,0,0,0,2,6,4.9,2024-10-23
Bogdan BogdanoviÄ,ATL,BRK,W,27.83,2,6,0.333,2,6,0.333,2,2,1.0,0,2,2,2,0,2,2,3,8,4.8,2024-10-23
Seth Curry,CHO,HOU,W,26.33,2,5,0.4,2,3,0.667,1,3,0.333,0,2,2,1,0,1,0,2,7,4.7,2024-10-23
Lonzo Ball,CHI,NOP,L,13.65,2,4,0.5,1,3,0.333,0,0,0.0,0,2,2,4,0,0,1,2,5,4.6,2024-10-23
Oso Ighodaro,PHO,LAC,W,12.23,1,1,1.0,0,0,0.0,0,0,0.0,2,4,6,0,0,1,0,1,2,4.6,2024-10-23
Monte Morris,PHO,LAC,W,12.55,2,5,0.4,0,2,0.0,1,2,0.5,0,1,1,2,1,0,0,0,5,4.6,2024-10-23
Brice Sensabaugh,UTA,MEM,L,12.32,1,2,0.5,0,0,0.0,1,2,0.5,2,0,2,0,2,0,0,1,3,4.6,2024-10-23
Ron Holland,DET,IND,L,15.3,2,6,0.333,0,3,0.0,2,2,1.0,1,2,3,0,2,0,1,1,6,4.5,2024-10-23
Kevon Looney,GSW,POR,W,14.08,0,2,0.0,0,0,0.0,2,2,1.0,3,3,6,2,1,1,1,3,2,4.5,2024-10-23
Moussa DiabatÃ©,CHO,HOU,W,14.98,1,4,0.25,0,0,0.0,0,0,0.0,2,3,5,0,1,2,0,0,2,4.3,2024-10-23
Tari Eason,HOU,CHO,L,12.88,1,3,0.333,0,1,0.0,0,0,0.0,1,1,2,2,2,0,0,1,2,4.3,2024-10-23
James Wiseman,IND,DET,W,4.63,2,4,0.5,0,1,0.0,2,2,1.0,0,1,1,0,0,0,0,0,6,4.3,2024-10-23
John Collins,UTA,MEM,L,18.32,5,12,0.417,0,3,0.0,1,1,1.0,1,4,5,0,1,1,2,5,11,4.2,2024-10-23
Sam Merrill,CLE,TOR,W,16.07,2,4,0.5,1,3,0.333,2,2,1.0,0,0,0,1,0,0,0,4,7,4.1,2024-10-23
Bruno Fernando,TOR,CLE,L,15.42,3,6,0.5,0,0,0.0,0,0,0.0,2,5,7,1,0,0,1,4,6,4.0,2024-10-23
Tyler Smith,MIL,PHI,W,2.22,2,3,0.667,1,2,0.5,0,0,0.0,1,0,1,0,0,0,0,1,5,4.0,2024-10-23
Patrick Williams,CHI,NOP,L,24.07,2,7,0.286,1,4,0.25,1,2,0.5,2,1,3,3,0,1,2,0,6,4.0,2024-10-23
Jared McCain,PHI,MIL,L,3.87,2,3,0.667,0,1,0.0,0,0,0.0,1,1,2,0,0,0,0,0,4,3.7,2024-10-23
Dennis SchrÃ¶der,BRK,ATL,L,34.33,5,16,0.313,2,6,0.333,1,2,0.5,0,3,3,7,1,0,5,4,13,3.6,2024-10-23
Jonathan Isaac,ORL,MIA,W,11.45,1,4,0.25,1,2,0.5,0,2,0.0,2,1,3,0,1,2,0,1,3,3.5,2024-10-23
Vit Krejci,ATL,BRK,W,11.32,1,2,0.5,0,1,0.0,1,1,1.0,0,1,1,2,0,0,0,1,3,3.3,2024-10-23
Jose Alvarado,NOP,CHI,W,12.8,1,3,0.333,1,3,0.333,0,0,0.0,0,0,0,3,1,0,0,3,3,3.2,2024-10-23
Jake LaRavia,MEM,UTA,W,16.15,2,4,0.5,1,2,0.5,0,0,0.0,0,1,1,0,0,1,0,2,5,3.2,2024-10-23
Royce O'Neale,PHO,LAC,W,24.22,2,5,0.4,1,3,0.333,0,0,0.0,1,4,5,1,1,1,3,1,5,3.2,2024-10-23
Isaac Okoro,CLE,TOR,W,19.03,1,2,0.5,0,0,0.0,1,2,0.5,0,2,2,2,0,1,1,1,3,2.9,2024-10-23
Gui Santos,GSW,POR,W,5.12,1,1,1.0,0,0,0.0,1,2,0.5,0,1,1,1,0,0,0,1,3,2.9,2024-10-23
Isaiah Stewart,DET,IND,L,16.98,1,2,0.5,0,1,0.0,0,0,0.0,1,3,4,2,1,1,2,2,2,2.9,2024-10-23
Jimmy Butler,MIA,ORL,L,25.82,1,8,0.125,0,2,0.0,1,2,0.5,1,3,4,5,1,1,1,1,3,2.8,2024-10-23
Chris Duarte,CHI,NOP,L,1.77,1,1,1.0,1,1,1.0,0,0,0.0,0,0,0,0,0,0,0,0,3,2.7,2024-10-23
Keyonte George,UTA,MEM,L,31.07,3,18,0.167,1,6,0.167,5,9,0.556,0,2,2,7,0,0,1,2,12,2.7,2024-10-23
Pelle Larsson,MIA,ORL,L,6.25,1,1,1.0,0,0,0.0,0,0,0.0,0,0,0,0,1,0,0,0,2,2.7,2024-10-23
Marcus Sasser,DET,IND,L,3.12,1,1,1.0,0,0,0.0,0,0,0.0,0,1,1,1,0,0,0,0,2,2.7,2024-10-23
Garrett Temple,TOR,CLE,L,8.5,1,2,0.5,0,1,0.0,0,0,0.0,0,0,0,2,1,0,0,2,2,2.6,2024-10-23
Scottie Barnes,TOR,CLE,L,25.85,3,14,0.214,0,2,0.0,3,4,0.75,3,3,6,5,0,0,2,5,9,2.5,2024-10-23
Obi Toppin,IND,DET,W,16.03,1,2,0.5,0,1,0.0,0,0,0.0,0,1,1,2,1,0,0,3,2,2.5,2024-10-23
Duop Reath,POR,GSW,L,3.27,1,2,0.5,1,1,1.0,0,0,0.0,1,0,1,1,0,0,1,0,3,2.4,2024-10-23
Adem Bona,PHI,MIL,L,2.65,1,1,1.0,0,0,0.0,0,0,0.0,1,0,1,0,0,0,0,1,2,2.0,2024-10-23
Ulrich Chomche,TOR,CLE,L,4.5,1,1,1.0,0,0,0.0,0,0,0.0,0,1,1,0,0,0,0,0,2,2.0,2024-10-23
Herbert Jones,NOP,CHI,W,32.68,1,6,0.167,0,3,0.0,0,0,0.0,1,3,4,2,2,0,0,3,2,2.0,2024-10-23
KJ Martin,PHI,MIL,L,15.07,1,3,0.333,0,0,0.0,1,2,0.5,2,3,5,0,0,0,0,3,3,2.0,2024-10-23
Julian Phillips,CHI,NOP,L,11.53,1,3,0.333,0,2,0.0,0,0,0.0,0,0,0,1,1,0,0,0,2,2.0,2024-10-23
Craig Porter,CLE,TOR,W,8.5,2,5,0.4,0,2,0.0,0,0,0.0,0,0,0,1,0,0,0,0,4,2.0,2024-10-23
Donovan Clingan,POR,GSW,L,12.58,1,2,0.5,0,0,0.0,0,0,0.0,0,2,2,0,1,1,1,1,2,1.9,2024-10-23
Jonathan Kuminga,GSW,POR,W,19.52,3,9,0.333,0,2,0.0,4,6,0.667,1,3,4,1,0,1,4,3,10,1.9,2024-10-23
Jaylon Tyson,CLE,TOR,W,6.67,1,1,1.0,1,1,1.0,1,2,0.5,0,2,2,1,0,0,2,2,4,1.8,2024-10-23
A.J. Green,MIL,PHI,W,4.07,0,0,0.0,0,0,0.0,0,0,0.0,0,0,0,1,1,0,0,0,0,1.7,2024-10-23
Davion Mitchell,TOR,CLE,L,24.55,4,10,0.4,0,3,0.0,0,0,0.0,0,0,0,3,2,0,5,0,8,1.7,2024-10-23
Dalano Banton,POR,GSW,L,8.0,1,4,0.25,1,2,0.5,0,0,0.0,0,1,1,1,0,0,0,0,3,1.6,2024-10-23
Kentavious Caldwell-Pope,ORL,MIA,W,25.15,0,5,0.0,0,5,0.0,3,3,1.0,1,0,1,2,1,2,2,1,3,1.6,2024-10-23
Jarace Walker,IND,DET,W,6.35,1,2,0.5,1,2,0.5,0,0,0.0,1,0,1,1,0,0,1,2,3,1.6,2024-10-23
Cam Whitmore,HOU,CHO,L,8.02,2,4,0.5,0,1,0.0,0,0,0.0,0,0,0,0,0,0,0,1,4,1.6,2024-10-23
Jaylen Wells,MEM,UTA,W,23.45,2,6,0.333,2,5,0.4,0,2,0.0,0,0,0,1,1,0,0,5,6,1.5,2024-10-23
Nicolas Batum,LAC,PHO,L,23.62,0,2,0.0,0,2,0.0,2,2,1.0,0,2,2,2,1,0,1,3,2,1.4,2024-10-23
Karlo MatkoviÄ,NOP,CHI,W,1.0,0,0,0.0,0,0,0.0,0,0,0.0,1,0,1,0,0,1,0,0,0,1.4,2024-10-23
Dru Smith,MIA,ORL,L,6.25,0,1,0.0,0,0,0.0,0,0,0.0,1,0,1,1,0,1,0,0,0,1.4,2024-10-23
Duncan Robinson,MIA,ORL,L,19.67,2,7,0.286,2,5,0.4,0,0,0.0,0,1,1,1,0,0,0,4,6,1.3,2024-10-23
Tristan Thompson,CLE,TOR,W,8.5,1,2,0.5,0,0,0.0,0,0,0.0,0,1,1,0,0,0,0,0,2,1.3,2024-10-23
Delon Wright,MIL,PHI,W,13.15,1,3,0.333,0,1,0.0,0,0,0.0,0,0,0,0,1,0,0,0,2,1.3,2024-10-23
Zach Edey,MEM,UTA,W,14.73,2,4,0.5,0,0,0.0,1,5,0.2,4,1,5,0,0,0,1,6,5,1.1,2024-10-23
Enrique Freeman,IND,DET,W,6.65,0,0,0.0,0,0,0.0,2,2,1.0,0,0,0,0,0,0,1,0,2,1.0,2024-10-23
Dalen Terry,CHI,NOP,L,1.77,0,0,0.0,0,0,0.0,0,0,0.0,0,0,0,0,1,0,0,0,0,1.0,2024-10-23
Reed Sheppard,HOU,CHO,L,15.55,2,5,0.4,0,1,0.0,0,0,0.0,1,1,2,3,0,1,3,3,4,0.9,2024-10-23
Darius Garland,CLE,TOR,W,22.7,3,12,0.25,1,6,0.167,0,0,0.0,0,1,1,6,0,0,2,4,7,0.7,2024-10-23
Lester QuiÃ±ones,PHI,MIL,L,2.65,0,1,0.0,0,1,0.0,0,0,0.0,1,0,1,1,0,0,0,0,0,0.7,2024-10-23
Cody Williams,UTA,MEM,L,19.47,0,0,0.0,0,0,0.0,2,2,1.0,0,4,4,0,0,0,1,4,2,0.6,2024-10-23
Jakob Poeltl,TOR,CLE,L,26.15,2,6,0.333,0,0,0.0,2,4,0.5,3,6,9,2,0,0,5,4,6,0.5,2024-10-23
Ben Sheppard,IND,DET,W,6.3,0,0,0.0,0,0,0.0,0,0,0.0,0,2,2,0,0,1,0,2,0,0.5,2024-10-23
Zaccharie Risacher,ATL,BRK,W,19.0,2,8,0.25,1,4,0.25,2,4,0.5,1,0,1,0,0,0,1,2,7,0.3,2024-10-23
Patty Mills,UTA,MEM,L,16.07,0,0,0.0,0,0,0.0,0,0,0.0,0,1,1,1,0,0,0,2,0,0.2,2024-10-23
Jabari Walker,POR,GSW,L,7.28,0,0,0.0,0,0,0.0,0,0,0.0,1,1,2,0,0,0,0,2,0,0.2,2024-10-23
Vasilije MiciÄ,CHO,HOU,W,16.55,2,9,0.222,1,3,0.333,0,0,0.0,2,3,5,1,1,0,3,1,5,0.1,2024-10-23
MarJon Beauchamp,MIL,PHI,W,0.62,0,0,0.0,0,0,0.0,0,0,0.0,0,0,0,0,0,0,0,0,0,0.0,2024-10-23
Jeff Dowtin,PHI,MIL,L,2.65,0,0,0.0,0,0,0.0,0,0,0.0,0,0,0,0,0,0,0,0,0,0.0,2024-10-23
Andre Jackson,MIL,PHI,W,1.1,0,0,0.0,0,0,0.0,0,0,0.0,0,0,0,0,0,0,0,0,0,0.0,2024-10-23
Caleb Houstan,ORL,MIA,W,5.35,0,0,0.0,0,0,0.0,0,0,0.0,0,1,1,0,0,0,0,1,0,-0.1,2024-10-23
Brandin Podziemski,GSW,POR,W,24.93,0,5,0.0,0,4,0.0,0,0,0.0,4,3,7,4,1,0,3,3,0,-0.2,2024-10-23
Ryan Dunn,PHO,LAC,W,8.73,1,5,0.2,0,2,0.0,0,0,0.0,0,2,2,1,0,1,0,3,2,-0.3,2024-10-23
Ryan Rollins,MIL,PHI,W,1.1,0,0,0.0,0,0,0.0,0,0,0.0,0,0,0,0,0,0,0,1,0,-0.4,2024-10-23
Brandon Clarke,MEM,UTA,W,13.68,1,5,0.2,0,2,0.0,0,0,0.0,1,2,3,1,0,0,1,1,2,-0.5,2024-10-23
AJ Johnson,MIL,PHI,W,1.1,0,1,0.0,0,0,0.0,0,0,0.0,0,0,0,0,0,0,0,0,0,-0.7,2024-10-23
Shake Milton,BRK,ATL,L,6.33,0,1,0.0,0,0,0.0,0,0,0.0,0,0,0,0,0,0,0,0,0,-0.7,2024-10-23
Matas Buzelis,CHI,NOP,L,4.7,0,3,0.0,0,3,0.0,0,0,0.0,0,2,2,1,0,0,0,1,0,-1.2,2024-10-23
Eric Gordon,PHI,MIL,L,22.47,1,6,0.167,0,2,0.0,0,0,0.0,0,1,1,1,0,0,0,1,2,-1.2,2024-10-23
Talen Horton-Tucker,CHI,NOP,L,7.52,0,1,0.0,0,0,0.0,0,2,0.0,0,2,2,1,0,0,1,0,0,-1.2,2024-10-23
Cory Joseph,ORL,MIA,W,5.35,0,2,0.0,0,1,0.0,0,0,0.0,0,0,0,0,0,0,0,0,0,-1.4,2024-10-23
Kris Murray,POR,GSW,L,9.92,0,2,0.0,0,1,0.0,1,4,0.25,1,0,1,1,0,0,1,1,1,-1.6,2024-10-23
Tristan Da Silva,ORL,MIA,W,5.35,0,1,0.0,0,1,0.0,0,0,0.0,0,0,0,0,0,0,1,0,0,-1.7,2024-10-23
Jett Howard,ORL,MIA,W,5.35,0,3,0.0,0,2,0.0,0,0,0.0,0,1,1,0,0,0,0,0,0,-1.8,2024-10-23
Kel'el Ware,MIA,ORL,L,6.25,0,1,0.0,0,1,0.0,0,0,0.0,0,1,1,0,0,0,1,1,0,-1.8,2024-10-23
Kevin Porter,LAC,PHO,L,12.93,1,8,0.125,0,4,0.0,0,0,0.0,1,3,4,2,1,0,2,2,2,-2.0,2024-10-23
Dillon Brooks,HOU,CHO,L,31.42,1,6,0.167,0,3,0.0,0,0,0.0,1,2,3,0,0,0,0,4,2,-2.1,2024-10-23
Goga Bitadze,ORL,MIA,W,5.35,0,1,0.0,0,1,0.0,0,0,0.0,0,2,2,0,0,0,2,1,0,-2.5,2024-10-23
Cole Anthony,ORL,MIA,W,17.5,0,7,0.0,0,5,0.0,0,0,0.0,0,3,3,6,0,0,2,2,0,-2.6,2024-10-23
Antonio Reeves,NOP,CHI,W,1.0,0,3,0.0,0,2,0.0,0,0,0.0,0,0,0,0,0,0,1,0,0,-3.1,2024-10-23
Simone Fontecchio,DET,IND,L,14.85,0,4,0.0,0,2,0.0,0,0,0.0,1,0,1,0,0,0,1,3,0,-4.3,2024-10-23
Chet Holmgren,OKC,DEN,W,35.78,11,18,0.611,0,5,0.0,3,5,0.6,4,10,14,5,2,4,2,2,25,27.3,2024-10-24
Julius Randle,MIN,SAC,W,34.82,13,17,0.765,5,6,0.833,2,3,0.667,0,5,5,4,0,0,3,3,33,26.0,2024-10-24
Shai Gilgeous-Alexander,OKC,DEN,W,36.2,11,24,0.458,2,6,0.333,4,5,0.8,2,5,7,8,2,3,2,2,28,25.0,2024-10-24
Jaylen Brown,BOS,WAS,W,30.3,10,20,0.5,3,6,0.5,4,5,0.8,1,7,8,3,4,0,2,1,27,23.1,2024-10-24
Klay Thompson,DAL,SAS,W,26.08,7,13,0.538,6,10,0.6,2,2,1.0,3,4,7,1,3,0,0,1,22,22.3,2024-10-24
Nikola JokiÄ,DEN,OKC,L,35.2,6,13,0.462,1,3,0.333,3,4,0.75,4,8,12,13,2,1,3,3,16,21.7,2024-10-24
Jayson Tatum,BOS,WAS,W,28.65,9,20,0.45,3,11,0.273,4,7,0.571,2,9,11,6,1,0,1,1,25,21.3,2024-10-24
Anthony Edwards,MIN,SAC,W,39.2,10,24,0.417,5,15,0.333,7,7,1.0,1,6,7,4,1,0,3,4,32,20.9,2024-10-24
Jordan Poole,WAS,BOS,L,32.48,9,17,0.529,6,11,0.545,2,2,1.0,0,1,1,4,4,1,4,3,26,20.3,2024-10-24
Luka DonÄiÄ,DAL,SAS,W,36.27,9,25,0.36,4,11,0.364,6,8,0.75,1,9,10,8,1,1,4,3,28,18.8,2024-10-24
DeMar DeRozan,SAC,MIN,L,42.53,7,18,0.389,0,2,0.0,12,14,0.857,1,7,8,2,1,0,2,0,26,18.6,2024-10-24
Keegan Murray,SAC,MIN,L,43.0,8,17,0.471,5,10,0.5,2,2,1.0,2,9,11,2,0,0,0,3,23,18.6,2024-10-24
Dereck Lively,DAL,SAS,W,27.78,6,8,0.75,0,0,0.0,3,5,0.6,4,7,11,6,1,0,2,4,15,17.5,2024-10-24
Domantas Sabonis,SAC,MIN,L,38.18,8,13,0.615,3,4,0.75,5,8,0.625,1,7,8,1,2,1,4,4,24,17.5,2024-10-24
Derrick White,BOS,WAS,W,29.27,6,11,0.545,4,7,0.571,3,4,0.75,1,3,4,4,1,0,1,1,19,17.3,2024-10-24
Naz Reid,MIN,SAC,W,26.52,6,10,0.6,4,7,0.571,3,3,1.0,0,13,13,3,0,0,2,4,19,16.8,2024-10-24
Julian Champagnie,SAS,DAL,L,27.32,7,12,0.583,4,8,0.5,0,0,0.0,2,5,7,3,1,2,3,1,18,16.4,2024-10-24
Jonas ValanÄiÅ«nas,WAS,BOS,L,20.22,8,13,0.615,0,0,0.0,2,2,1.0,2,3,5,2,0,0,0,0,18,15.8,2024-10-24
Harrison Barnes,SAS,DAL,L,29.18,7,10,0.7,2,5,0.4,1,2,0.5,1,3,4,2,1,0,0,2,17,15.6,2024-10-24
Malik Monk,SAC,MIN,L,26.4,6,9,0.667,1,2,0.5,4,5,0.8,0,1,1,4,0,0,0,1,17,15.4,2024-10-24
Aaron Wiggins,OKC,DEN,W,19.52,7,9,0.778,1,2,0.5,0,0,0.0,0,6,6,1,0,2,1,1,15,14.0,2024-10-24
De'Aaron Fox,SAC,MIN,L,37.15,6,14,0.429,1,4,0.25,2,2,1.0,0,2,2,11,1,0,2,3,15,13.7,2024-10-24
Christian Braun,DEN,OKC,L,29.1,8,15,0.533,0,3,0.0,0,0,0.0,2,5,7,1,2,2,3,1,16,12.3,2024-10-24
Bilal Coulibaly,WAS,BOS,L,29.83,1,2,0.5,0,0,0.0,6,8,0.75,1,5,6,6,1,0,3,0,8,10.6,2024-10-24
Payton Pritchard,BOS,WAS,W,27.95,5,11,0.455,5,10,0.5,0,0,0.0,0,1,1,2,0,0,0,1,15,10.6,2024-10-24
Kyrie Irving,DAL,SAS,W,27.4,6,17,0.353,3,7,0.429,0,0,0.0,1,2,3,2,2,1,0,1,15,10.5,2024-10-24
Aaron Gordon,DEN,OKC,L,32.55,5,12,0.417,0,1,0.0,2,2,1.0,5,4,9,2,1,0,2,1,12,10.3,2024-10-24
Jeremy Sochan,SAS,DAL,L,27.03,6,11,0.545,1,2,0.5,5,7,0.714,2,4,6,2,0,0,4,4,18,10.3,2024-10-24
Neemias Queta,BOS,WAS,W,13.63,5,7,0.714,0,1,0.0,2,2,1.0,4,3,7,0,0,0,1,4,12,10.2,2024-10-24
Daniel Gafford,DAL,SAS,W,18.52,3,6,0.5,0,0,0.0,3,4,0.75,4,2,6,2,1,1,1,5,9,9.1,2024-10-24
P.J. Washington,DAL,SAS,W,26.32,4,11,0.364,2,7,0.286,1,2,0.5,2,3,5,2,1,0,0,1,11,8.8,2024-10-24
Michael Porter,DEN,OKC,L,32.17,5,17,0.294,3,10,0.3,2,2,1.0,1,7,8,2,1,0,1,2,15,8.5,2024-10-24
Jamal Murray,DEN,OKC,L,38.45,4,13,0.308,2,5,0.4,2,2,1.0,2,4,6,4,2,0,3,2,12,8.1,2024-10-24
Jaden Hardy,DAL,SAS,W,19.67,3,6,0.5,3,5,0.6,2,2,1.0,1,0,1,2,0,1,2,3,11,7.6,2024-10-24
Nickeil Alexander-Walker,MIN,SAC,W,18.32,3,5,0.6,3,5,0.6,0,0,0.0,0,1,1,2,0,0,1,0,9,7.4,2024-10-24
Marvin Bagley,WAS,BOS,L,9.62,4,7,0.571,0,1,0.0,0,2,0.0,4,2,6,1,0,0,1,0,8,7.0,2024-10-24
Victor Wembanyama,SAS,DAL,L,28.47,5,18,0.278,1,8,0.125,6,6,1.0,2,7,9,1,0,1,4,1,17,6.9,2024-10-24
Blake Wesley,SAS,DAL,L,8.87,2,3,0.667,0,0,0.0,2,2,1.0,0,0,0,2,0,0,0,0,6,6.1,2024-10-24
Xavier Tillman,BOS,WAS,W,15.43,3,4,0.75,2,3,0.667,0,0,0.0,0,1,1,1,0,0,1,1,8,6.0,2024-10-24
Stephon Castle,SAS,DAL,L,18.45,3,7,0.429,0,2,0.0,2,3,0.667,2,1,3,5,0,0,2,3,8,5.9,2024-10-24
Zach Collins,SAS,DAL,L,13.55,2,3,0.667,1,1,1.0,0,0,0.0,2,3,5,1,1,0,1,3,5,5.5,2024-10-24
Malaki Branham,SAS,DAL,L,5.98,3,5,0.6,1,3,0.333,0,0,0.0,0,2,2,0,0,0,0,0,7,5.3,2024-10-24
Ousmane Dieng,OKC,DEN,W,13.25,2,4,0.5,2,3,0.667,0,0,0.0,0,3,3,0,0,1,0,1,6,5.2,2024-10-24
Jared Butler,WAS,BOS,L,8.78,2,6,0.333,0,1,0.0,2,2,1.0,0,0,0,2,1,0,0,0,6,5.0,2024-10-24
Tre Jones,SAS,DAL,L,15.63,0,2,0.0,0,0,0.0,3,4,0.75,1,0,1,3,1,0,0,0,3,5.0,2024-10-24
Patrick Baldwin,WAS,BOS,L,8.07,3,6,0.5,1,3,0.333,0,0,0.0,1,1,2,1,0,0,0,2,7,4.9,2024-10-24
Corey Kispert,WAS,BOS,L,24.08,3,6,0.5,0,3,0.0,0,0,0.0,0,5,5,3,0,0,1,2,6,4.8,2024-10-24
Kyle Kuzma,WAS,BOS,L,27.65,6,16,0.375,0,5,0.0,0,0,0.0,0,2,2,1,1,1,1,1,12,4.8,2024-10-24
Chris Paul,SAS,DAL,L,28.77,1,6,0.167,1,4,0.25,0,0,0.0,0,7,7,8,1,0,2,3,3,4.7,2024-10-24
Luguentz Dort,OKC,DEN,W,28.58,2,7,0.286,0,2,0.0,1,1,1.0,1,1,2,0,3,1,0,3,5,4.4,2024-10-24
Russell Westbrook,DEN,OKC,L,21.25,2,10,0.2,1,6,0.167,1,4,0.25,1,4,5,5,1,2,2,0,6,4.4,2024-10-24
Mike Conley,MIN,SAC,W,27.33,2,9,0.222,2,7,0.286,0,0,0.0,1,1,2,4,0,1,0,2,6,4.2,2024-10-24
Maxi Kleber,DAL,SAS,W,15.4,1,3,0.333,1,1,1.0,0,0,0.0,0,4,4,1,0,1,0,1,3,3.5,2024-10-24
Cason Wallace,OKC,DEN,W,23.03,2,7,0.286,0,1,0.0,0,0,0.0,2,2,4,0,2,0,0,1,4,3.5,2024-10-24
Rudy Gobert,MIN,SAC,W,34.63,1,2,0.5,0,0,0.0,1,2,0.5,1,10,11,1,2,0,3,4,3,3.4,2024-10-24
Luke Kornet,BOS,WAS,W,16.22,2,3,0.667,0,0,0.0,0,0,0.0,1,3,4,1,0,0,0,4,4,3.4,2024-10-24
Keon Ellis,SAC,MIN,L,11.18,0,1,0.0,0,0,0.0,2,2,1.0,0,1,1,0,2,0,0,1,2,3.2,2024-10-24
Isaiah Joe,OKC,DEN,W,20.4,3,10,0.3,1,6,0.167,0,0,0.0,1,1,2,1,0,0,0,0,7,2.9,2024-10-24
Julian Strawther,DEN,OKC,L,17.25,3,6,0.5,0,2,0.0,0,0,0.0,0,0,0,1,1,0,1,2,6,2.9,2024-10-24
Charles Bassey,SAS,DAL,L,5.98,0,0,0.0,0,0,0.0,0,0,0.0,0,1,1,1,1,1,0,0,0,2.7,2024-10-24
Kyshawn George,WAS,BOS,L,20.28,2,6,0.333,0,4,0.0,0,0,0.0,0,3,3,2,1,0,0,3,4,2.7,2024-10-24
Jrue Holiday,BOS,WAS,W,22.75,1,4,0.25,0,1,0.0,5,5,1.0,0,2,2,1,0,0,2,3,7,2.7,2024-10-24
Donte DiVincenzo,MIN,SAC,W,26.65,4,10,0.4,1,6,0.167,0,0,0.0,1,0,1,2,0,0,2,3,9,2.5,2024-10-24
Keldon Johnson,SAS,DAL,L,24.78,3,9,0.333,1,3,0.333,0,0,0.0,0,4,4,2,0,0,2,0,7,2.5,2024-10-24
Dwight Powell,DAL,SAS,W,1.7,1,1,1.0,0,0,0.0,0,0,0.0,1,0,1,0,0,0,0,0,2,2.4,2024-10-24
Jaden Springer,BOS,WAS,W,5.55,0,1,0.0,0,0,0.0,1,2,0.5,2,1,3,1,0,0,0,0,1,2.3,2024-10-24
Alex Caruso,OKC,DEN,W,19.08,0,2,0.0,0,1,0.0,0,0,0.0,2,4,6,4,0,0,1,2,0,2.2,2024-10-24
Alex Len,SAC,MIN,L,5.67,1,1,1.0,0,0,0.0,1,2,0.5,0,2,2,0,0,1,1,1,3,2.2,2024-10-24
Trey Lyles,SAC,MIN,L,10.75,1,4,0.25,1,3,0.333,0,0,0.0,0,1,1,1,1,0,0,1,3,2.2,2024-10-24
Baylor Scheierman,BOS,WAS,W,8.07,1,3,0.333,0,2,0.0,2,2,1.0,0,1,1,0,0,0,0,1,4,2.2,2024-10-24
Peyton Watson,DEN,OKC,L,14.78,1,7,0.143,0,4,0.0,0,0,0.0,2,4,6,1,0,2,0,0,2,2.2,2024-10-24
Dario Å ariÄ,DEN,OKC,L,11.03,1,2,0.5,0,1,0.0,0,0,0.0,0,1,1,0,1,0,0,1,2,1.9,2024-10-24
Anthony Gill,WAS,BOS,L,3.18,1,2,0.5,0,0,0.0,0,0,0.0,0,0,0,1,1,0,1,0,2,1.7,2024-10-24
Drew Peterson,BOS,WAS,W,3.9,0,0,0.0,0,0,0.0,0,0,0.0,0,1,1,0,1,2,1,0,0,1.7,2024-10-24
Jaden McDaniels,MIN,SAC,W,27.48,2,9,0.222,0,4,0.0,2,2,1.0,2,0,2,3,0,1,2,3,6,1.5,2024-10-24
Jalen Williams,OKC,DEN,W,33.72,5,16,0.313,2,8,0.25,0,1,0.0,1,2,3,3,0,2,5,3,12,1.0,2024-10-24
Alex Sarr,WAS,BOS,L,21.87,1,7,0.143,0,5,0.0,0,0,0.0,1,4,5,1,0,2,0,2,2,0.7,2024-10-24
Justin Champagnie,WAS,BOS,L,3.9,0,0,0.0,0,0,0.0,0,0,0.0,1,1,2,1,0,0,0,3,0,0.5,2024-10-24
Trey Alexander,DEN,OKC,L,1.63,0,0,0.0,0,0,0.0,0,0,0.0,0,1,1,0,0,0,0,0,0,0.3,2024-10-24
Vlatko ÄanÄar,DEN,OKC,L,1.63,0,0,0.0,0,0,0.0,0,0,0.0,0,1,1,0,0,0,0,0,0,0.3,2024-10-24
Spencer Dinwiddie,DAL,SAS,W,2.95,0,0,0.0,0,0,0.0,0,0,0.0,0,1,1,0,0,0,0,0,0,0.3,2024-10-24
Joe Ingles,MIN,SAC,W,5.05,0,0,0.0,0,0,0.0,0,0,0.0,0,0,0,1,0,0,0,1,0,0.3,2024-10-24
Sandro Mamukelashvili,SAS,DAL,L,5.98,0,0,0.0,0,0,0.0,0,0,0.0,0,3,3,0,0,1,1,1,0,0.2,2024-10-24
Naji Marshall,DAL,SAS,W,21.23,1,6,0.167,0,2,0.0,0,0,0.0,0,1,1,3,0,0,0,1,2,0.2,2024-10-24
Alex Ducas,OKC,DEN,W,1.18,0,0,0.0,0,0,0.0,0,0,0.0,0,0,0,0,0,0,0,0,0,0.0,2024-10-24
Adam Flagler,OKC,DEN,W,1.18,0,0,0.0,0,0,0.0,0,0,0.0,0,0,0,0,0,0,0,0,0,0.0,2024-10-24
Kevin Huerter,SAC,MIN,L,19.6,1,4,0.25,0,3,0.0,0,0,0.0,0,4,4,0,0,0,0,2,2,0.0,2024-10-24
Olivier-Maxence Prosper,DAL,SAS,W,1.7,0,0,0.0,0,0,0.0,0,0,0.0,0,0,0,0,0,0,0,0,0,0.0,2024-10-24
Dillon Jones,OKC,DEN,W,1.18,0,1,0.0,0,1,0.0,0,0,0.0,0,1,1,0,0,0,0,0,0,-0.4,2024-10-24
Hunter Tyson,DEN,OKC,L,1.63,0,1,0.0,0,1,0.0,0,0,0.0,0,1,1,0,0,0,0,0,0,-0.4,2024-10-24
Carlton Carrington,WAS,BOS,L,25.92,1,6,0.167,0,2,0.0,1,2,0.5,0,3,3,2,0,2,2,3,3,-0.7,2024-10-24
Johnny Davis,WAS,BOS,L,4.12,0,1,0.0,0,1,0.0,0,0,0.0,0,0,0,0,0,0,0,0,0,-0.7,2024-10-24
Zeke Nnaji,DEN,OKC,L,1.63,0,1,0.0,0,1,0.0,0,0,0.0,0,0,0,0,0,0,0,0,0,-0.7,2024-10-24
Jalen Pickett,DEN,OKC,L,1.63,0,1,0.0,0,1,0.0,0,0,0.0,0,0,0,0,0,0,0,0,0,-0.7,2024-10-24
Al Horford,BOS,WAS,W,20.08,0,2,0.0,0,1,0.0,0,0,0.0,1,4,5,1,0,0,2,0,0,-0.8,2024-10-24
Doug McDermott,SAC,MIN,L,5.53,0,1,0.0,0,1,0.0,0,0,0.0,0,0,0,0,0,0,0,2,0,-1.5,2024-10-24
Jordan Walsh,BOS,WAS,W,10.13,0,3,0.0,0,2,0.0,0,0,0.0,0,0,0,0,0,1,0,1,0,-1.8,2024-10-24
Ajay Mitchell,OKC,DEN,W,6.85,0,3,0.0,0,1,0.0,0,0,0.0,0,1,1,1,0,0,1,0,0,-2.1,2024-10-24
Quentin Grimes,DAL,SAS,W,14.98,1,6,0.167,0,1,0.0,0,0,0.0,0,0,0,0,0,0,0,1,2,-2.2,2024-10-24
JD Davison,BOS,WAS,W,8.07,0,1,0.0,0,1,0.0,0,0,0.0,0,1,1,1,0,0,3,1,0,-3.1,2024-10-24
Trae Young,ATL,CHO,W,41.47,11,24,0.458,5,14,0.357,11,13,0.846,3,5,8,10,4,0,7,1,38,32.0,2024-10-25
Coby White,CHI,MIL,W,34.37,12,20,0.6,7,13,0.538,4,4,1.0,0,6,6,5,4,0,3,1,35,31.7,2024-10-25
Anthony Davis,LAL,PHO,W,37.5,11,18,0.611,0,0,0.0,13,17,0.765,1,7,8,4,1,2,1,2,35,31.4,2024-10-25
Giannis Antetokounmpo,MIL,CHI,L,35.13,15,23,0.652,0,1,0.0,8,16,0.5,1,10,11,5,0,0,3,1,38,28.5,2024-10-25
Buddy Hield,GSW,UTA,W,19.92,10,14,0.714,7,9,0.778,0,0,0.0,0,4,4,6,1,0,0,0,27,27.6,2024-10-25
Austin Reaves,LAL,PHO,W,36.65,8,12,0.667,5,7,0.714,5,6,0.833,0,4,4,8,3,1,4,4,26,25.3,2024-10-25
Scottie Barnes,TOR,PHI,W,36.32,8,11,0.727,0,2,0.0,11,13,0.846,2,3,5,4,2,1,4,2,27,24.7,2024-10-25
Kevin Durant,PHO,LAL,L,38.57,11,17,0.647,2,3,0.667,6,7,0.857,0,4,4,6,0,1,3,3,30,24.0,2024-10-25
Franz Wagner,ORL,BRK,W,38.9,10,19,0.526,3,6,0.5,6,6,1.0,2,4,6,5,1,0,3,2,29,23.0,2024-10-25
Karl-Anthony Towns,NYK,IND,W,32.28,5,11,0.455,2,2,1.0,9,10,0.9,4,11,15,0,1,2,0,2,21,22.6,2024-10-25
Jerami Grant,POR,NOP,L,40.22,11,23,0.478,8,17,0.471,4,4,1.0,0,6,6,1,1,3,5,3,34,21.7,2024-10-25
Jalen Brunson,NYK,IND,W,29.92,10,19,0.526,3,5,0.6,3,4,0.75,2,3,5,5,0,0,1,1,26,20.7,2024-10-25
De'Andre Hunter,ATL,CHO,W,33.15,7,14,0.5,2,6,0.333,8,8,1.0,1,6,7,3,0,1,0,4,24,20.7,2024-10-25
Zach LaVine,CHI,MIL,W,33.28,9,15,0.6,2,6,0.333,5,6,0.833,1,4,5,1,0,2,1,0,25,20.7,2024-10-25
Jordan Hawkins,NOP,POR,W,29.02,8,12,0.667,4,7,0.571,4,4,1.0,1,4,5,0,0,0,0,1,24,20.3,2024-10-25
Miles Bridges,CHO,ATL,L,30.5,8,17,0.471,3,8,0.375,8,8,1.0,1,4,5,0,0,1,0,3,27,19.7,2024-10-25
Jarrett Allen,CLE,DET,W,31.22,5,7,0.714,0,0,0.0,7,8,0.875,0,11,11,2,1,1,1,0,17,19.1,2024-10-25
Josh Giddey,CHI,MIL,W,24.47,6,10,0.6,2,2,1.0,3,4,0.75,0,6,6,9,0,0,1,0,17,19.1,2024-10-25
Damian Lillard,MIL,CHI,L,35.78,11,21,0.524,3,12,0.25,3,3,1.0,0,4,4,8,0,0,5,1,28,19.1,2024-10-25
Jakob Poeltl,TOR,PHI,W,27.4,5,8,0.625,0,0,0.0,9,11,0.818,1,8,9,3,0,4,2,4,19,19.0,2024-10-25
Dean Wade,CLE,DET,W,26.78,7,9,0.778,5,7,0.714,0,1,0.0,0,5,5,1,2,0,0,2,19,18.5,2024-10-25
Kelly Oubre,PHI,TOR,L,39.13,9,17,0.529,3,6,0.5,7,8,0.875,0,2,2,2,2,0,4,3,28,18.1,2024-10-25
Mikal Bridges,NYK,IND,W,33.48,8,12,0.667,2,3,0.667,3,4,0.75,1,0,1,5,1,0,1,4,21,18.0,2024-10-25
LeBron James,LAL,PHO,W,34.7,7,13,0.538,2,5,0.4,5,8,0.625,0,4,4,8,0,0,2,1,21,17.9,2024-10-25
Dyson Daniels,ATL,CHO,W,24.4,8,10,0.8,2,4,0.5,0,0,0.0,0,1,1,4,2,2,1,5,18,17.7,2024-10-25
LaMelo Ball,CHO,ATL,L,28.72,10,20,0.5,9,14,0.643,5,6,0.833,1,4,5,4,1,1,10,6,34,17.6,2024-10-25
Cade Cunningham,DET,CLE,L,34.92,14,24,0.583,2,6,0.333,3,3,1.0,2,2,4,6,0,0,9,4,33,17.4,2024-10-25
CJ McCollum,NOP,POR,W,39.87,8,17,0.471,4,9,0.444,0,0,0.0,0,2,2,3,4,1,1,2,20,16.9,2024-10-25
Nikola VuÄeviÄ,CHI,MIL,W,32.0,7,17,0.412,4,9,0.444,4,4,1.0,2,8,10,4,0,0,1,4,22,16.9,2024-10-25
Jonathan Mogbo,TOR,PHI,W,23.77,3,8,0.375,0,1,0.0,6,7,0.857,5,4,9,5,2,3,2,2,12,16.7,2024-10-25
Dennis SchrÃ¶der,BRK,ORL,L,32.45,7,12,0.583,3,4,0.75,3,4,0.75,0,1,1,6,1,0,2,3,20,16.3,2024-10-25
Josh Hart,NYK,IND,W,36.67,8,15,0.533,1,6,0.167,3,4,0.75,3,7,10,3,1,0,3,1,20,16.2,2024-10-25
Brandon Ingram,NOP,POR,W,35.32,8,20,0.4,4,9,0.444,1,2,0.5,2,6,8,4,2,1,2,3,21,15.3,2024-10-25
Evan Mobley,CLE,DET,W,31.73,6,12,0.5,2,3,0.667,2,2,1.0,1,5,6,3,4,2,4,1,16,15.3,2024-10-25
Nick Richards,CHO,ATL,L,30.05,3,6,0.5,0,0,0.0,6,8,0.75,6,7,13,2,0,1,1,1,12,15.2,2024-10-25
Cam Thomas,BRK,ORL,L,35.05,7,17,0.412,3,5,0.6,7,8,0.875,1,5,6,3,0,0,3,2,24,15.0,2024-10-25
Zion Williamson,NOP,POR,W,29.1,4,15,0.267,0,1,0.0,8,14,0.571,3,8,11,7,1,3,1,3,16,15.0,2024-10-25
Dillon Brooks,HOU,MEM,W,31.2,5,12,0.417,2,6,0.333,6,6,1.0,3,1,4,0,2,0,0,3,18,14.8,2024-10-25
Jalen Green,HOU,MEM,W,31.75,8,21,0.381,4,8,0.5,2,6,0.333,2,4,6,4,3,1,2,3,22,14.8,2024-10-25
Scoot Henderson,POR,NOP,L,28.52,7,9,0.778,1,3,0.333,0,1,0.0,0,1,1,6,3,0,3,2,15,14.8,2024-10-25
Devin Booker,PHO,LAL,L,35.33,9,21,0.429,4,10,0.4,1,2,0.5,2,1,3,4,1,1,2,3,23,14.5,2024-10-25
Tari Eason,HOU,MEM,W,16.03,5,7,0.714,3,4,0.75,0,0,0.0,2,3,5,0,2,1,0,2,13,14.3,2024-10-25
Bennedict Mathurin,IND,NYK,L,23.6,8,13,0.615,2,5,0.4,2,4,0.5,0,2,2,1,1,0,1,1,20,14.2,2024-10-25
Paolo Banchero,ORL,BRK,W,37.22,4,13,0.308,1,2,0.5,6,11,0.545,1,5,6,9,0,1,0,2,15,13.9,2024-10-25
Jaden Ivey,DET,CLE,L,29.27,8,16,0.5,2,5,0.4,4,6,0.667,0,5,5,4,0,0,2,4,22,13.9,2024-10-25
Ty Jerome,CLE,DET,W,15.83,4,6,0.667,0,1,0.0,5,6,0.833,1,1,2,4,1,0,1,0,13,13.8,2024-10-25
Wendell Carter,ORL,BRK,W,31.45,3,5,0.6,1,3,0.333,1,2,0.5,1,10,11,4,2,0,0,1,8,13.4,2024-10-25
Anfernee Simons,POR,NOP,L,36.15,6,20,0.3,2,9,0.222,10,11,0.909,0,1,1,7,1,0,4,2,24,13.4,2024-10-25
Bradley Beal,PHO,LAL,L,35.43,6,14,0.429,3,6,0.5,0,0,0.0,0,1,1,9,2,1,2,4,15,13.3,2024-10-25
Trayce Jackson-Davis,GSW,UTA,W,16.9,6,6,1.0,0,0,0.0,0,0,0.0,3,6,9,2,0,0,1,3,12,13.3,2024-10-25
Jabari Smith,HOU,MEM,W,35.03,5,13,0.385,0,3,0.0,4,4,1.0,6,10,16,4,0,2,3,5,14,13.3,2024-10-25
Jarace Walker,IND,NYK,L,19.52,4,8,0.5,1,4,0.25,3,3,1.0,1,3,4,3,2,0,0,1,12,13.3,2024-10-25
Dorian Finney-Smith,BRK,ORL,L,26.45,6,10,0.6,3,6,0.5,0,0,0.0,3,3,6,0,1,0,1,1,15,13.0,2024-10-25
Desmond Bane,MEM,HOU,L,29.18,8,16,0.5,0,4,0.0,1,2,0.5,1,2,3,4,2,2,2,3,17,12.9,2024-10-25
Fred VanVleet,HOU,MEM,W,30.92,5,9,0.556,5,9,0.556,1,4,0.25,0,3,3,3,1,0,0,4,16,12.9,2024-10-25
Tyus Jones,PHO,LAL,L,32.4,5,8,0.625,2,4,0.5,2,2,1.0,0,2,2,4,1,0,2,0,14,12.8,2024-10-25
Zach Edey,MEM,HOU,L,22.58,6,10,0.6,0,0,0.0,1,3,0.333,4,5,9,1,1,1,0,4,13,12.7,2024-10-25
Taurean Prince,MIL,CHI,L,29.63,5,7,0.714,1,1,1.0,0,0,0.0,3,5,8,2,1,0,0,4,11,12.5,2024-10-25
Kyle Lowry,PHI,TOR,L,29.22,3,5,0.6,3,5,0.6,5,5,1.0,0,1,1,2,3,0,2,5,14,12.4,2024-10-25
Moritz Wagner,ORL,BRK,W,15.1,7,8,0.875,1,2,0.5,3,4,0.75,0,3,3,0,1,1,3,5,18,12.4,2024-10-25
Andrew Wiggins,GSW,UTA,W,23.37,3,10,0.3,2,4,0.5,2,2,1.0,5,8,13,5,0,2,1,4,10,12.4,2024-10-25
John Collins,UTA,GSW,L,23.7,4,10,0.4,1,3,0.333,5,5,1.0,2,5,7,4,1,1,3,2,14,12.2,2024-10-25
Alperen Sengun,HOU,MEM,W,31.7,5,13,0.385,0,2,0.0,6,8,0.75,5,10,15,2,1,0,3,5,16,12.0,2024-10-25
Ochai Agbaji,TOR,PHI,W,26.22,5,9,0.556,0,1,0.0,2,2,1.0,3,5,8,1,2,0,1,3,12,11.8,2024-10-25
Monte Morris,PHO,LAL,L,13.18,2,3,0.667,2,3,0.667,2,2,1.0,1,1,2,3,2,0,0,0,8,11.8,2024-10-25
Patrick Williams,CHI,MIL,W,36.08,5,11,0.455,2,4,0.5,1,1,1.0,1,4,5,2,3,0,1,2,13,11.8,2024-10-25
Brandin Podziemski,GSW,UTA,W,24.63,7,14,0.5,1,5,0.2,0,0,0.0,1,4,5,1,1,1,0,2,15,11.5,2024-10-25
Kevon Looney,GSW,UTA,W,13.42,4,6,0.667,0,0,0.0,1,2,0.5,7,3,10,1,0,1,1,2,9,11.4,2024-10-25
Kentavious Caldwell-Pope,ORL,BRK,W,25.77,3,7,0.429,2,5,0.4,2,2,1.0,0,1,1,2,2,2,0,1,10,11.0,2024-10-25
Caris LeVert,CLE,DET,W,19.6,4,7,0.571,1,2,0.5,0,2,0.0,1,2,3,2,3,1,0,1,9,10.9,2024-10-25
Tyrese Maxey,PHI,TOR,L,40.9,6,23,0.261,2,12,0.167,10,12,0.833,0,2,2,4,1,0,1,5,24,10.9,2024-10-25
Jalen Johnson,ATL,CHO,W,41.17,4,15,0.267,1,4,0.25,7,9,0.778,2,5,7,3,2,2,2,5,16,10.7,2024-10-25
Stephen Curry,GSW,UTA,W,27.42,7,20,0.35,4,13,0.308,2,2,1.0,0,3,3,4,2,0,3,3,20,10.3,2024-10-25
John Konchar,MEM,HOU,L,22.12,2,3,0.667,2,3,0.667,1,2,0.5,2,4,6,2,2,1,1,2,7,10.2,2024-10-25
Kyle Anderson,GSW,UTA,W,18.78,3,7,0.429,1,4,0.25,0,0,0.0,2,4,6,3,2,0,0,0,7,10.0,2024-10-25
Jamison Battle,TOR,PHI,W,14.73,4,5,0.8,2,3,0.667,2,4,0.5,3,3,6,0,0,0,0,6,12,9.9,2024-10-25
Scotty Pippen ,MEM,HOU,L,24.18,4,9,0.444,2,3,0.667,3,4,0.75,0,3,3,4,0,0,1,2,13,9.8,2024-10-25
Rui Hachimura,LAL,PHO,W,39.02,5,12,0.417,2,4,0.5,2,4,0.5,2,5,7,2,0,0,1,1,14,9.7,2024-10-25
Jaxson Hayes,LAL,PHO,W,17.53,3,3,1.0,0,0,0.0,0,0,0.0,1,5,6,4,1,1,1,3,6,9.6,2024-10-25
Myles Turner,IND,NYK,L,23.22,5,9,0.556,0,3,0.0,3,5,0.6,1,6,7,1,0,3,2,4,13,9.6,2024-10-25
Tobias Harris,DET,CLE,L,34.67,3,9,0.333,2,3,0.667,2,2,1.0,0,5,5,4,1,1,1,1,10,9.5,2024-10-25
Andre Drummond,PHI,TOR,L,22.37,4,11,0.364,0,0,0.0,3,8,0.375,6,3,9,0,4,2,2,5,11,9.4,2024-10-25
Bobby Portis,MIL,CHI,L,27.83,4,9,0.444,1,3,0.333,0,0,0.0,2,10,12,1,1,0,1,0,9,9.4,2024-10-25
Darius Garland,CLE,DET,W,33.03,5,11,0.455,3,7,0.429,0,0,0.0,0,2,2,6,1,0,3,2,13,9.3,2024-10-25
Anthony Black,ORL,BRK,W,26.03,4,6,0.667,1,1,1.0,1,2,0.5,0,3,3,5,0,2,2,4,10,9.2,2024-10-25
Obi Toppin,IND,NYK,L,19.8,4,6,0.667,0,1,0.0,0,0,0.0,0,1,1,4,0,1,0,0,8,9.2,2024-10-25
Yves Missi,NOP,POR,W,22.28,2,5,0.4,0,0,0.0,4,6,0.667,2,4,6,2,0,2,0,2,8,9.1,2024-10-25
Ja Morant,MEM,HOU,L,23.8,8,17,0.471,2,4,0.5,6,9,0.667,0,0,0,2,0,0,6,1,24,9.1,2024-10-25
Grant Williams,CHO,ATL,L,29.2,2,7,0.286,2,6,0.333,3,4,0.75,2,2,4,6,1,0,1,4,9,9.1,2024-10-25
Jay Huff,MEM,HOU,L,15.55,3,7,0.429,2,4,0.5,0,0,0.0,1,2,3,1,2,2,0,2,8,8.9,2024-10-25
Malik Beasley,DET,CLE,L,29.3,5,11,0.455,3,6,0.5,0,0,0.0,0,4,4,1,0,1,1,1,13,8.5,2024-10-25
Isaiah Jackson,IND,NYK,L,15.28,5,6,0.833,0,0,0.0,0,2,0.0,2,3,5,2,1,0,2,3,10,8.5,2024-10-25
Gary Trent,MIL,CHI,L,34.02,3,8,0.375,2,5,0.4,2,2,1.0,0,1,1,2,2,0,0,2,10,8.5,2024-10-25
Seth Curry,CHO,ATL,L,27.3,3,9,0.333,3,7,0.429,0,0,0.0,3,2,5,2,3,0,1,4,9,8.4,2024-10-25
Caleb Martin,PHI,TOR,L,33.78,2,6,0.333,0,1,0.0,7,10,0.7,4,1,5,4,0,1,3,4,11,8.4,2024-10-25
OG Anunoby,NYK,IND,W,34.02,6,12,0.5,1,4,0.25,1,2,0.5,0,4,4,1,1,0,1,3,14,8.3,2024-10-25
Onyeka Okongwu,ATL,CHO,W,26.45,3,6,0.5,1,2,0.5,0,0,0.0,0,8,8,3,1,0,0,3,7,8.3,2024-10-25
A.J. Green,MIL,CHI,L,11.25,3,4,0.75,3,4,0.75,0,0,0.0,0,1,1,1,0,0,0,1,9,8.0,2024-10-25
Dalton Knecht,LAL,PHO,W,13.32,2,5,0.4,2,4,0.5,2,2,1.0,0,1,1,2,1,0,0,0,8,8.0,2024-10-25
Donovan Mitchell,CLE,DET,W,30.12,8,21,0.381,1,8,0.125,2,4,0.5,1,1,2,5,0,0,2,3,19,8.0,2024-10-25
Moses Moody,GSW,UTA,W,18.78,5,10,0.5,2,5,0.4,0,0,0.0,0,1,1,1,2,0,2,0,12,8.0,2024-10-25
Clint Capela,ATL,CHO,W,21.55,2,2,1.0,0,0,0.0,2,2,1.0,1,6,7,1,1,2,2,3,6,7.8,2024-10-25
Tre Mann,CHO,ATL,L,24.95,6,19,0.316,2,7,0.286,3,3,1.0,3,0,3,4,1,0,3,3,17,7.8,2024-10-25
Pascal Siakam,IND,NYK,L,23.22,5,11,0.455,0,4,0.0,2,2,1.0,2,3,5,2,0,0,2,1,12,7.6,2024-10-25
Ryan Dunn,PHO,LAL,L,13.52,3,5,0.6,3,5,0.6,0,0,0.0,0,3,3,1,0,0,0,2,9,7.5,2024-10-25
Deandre Ayton,POR,NOP,L,32.93,5,14,0.357,0,0,0.0,0,1,0.0,2,13,15,2,0,2,1,4,10,7.3,2024-10-25
Jalen Duren,DET,CLE,L,29.2,2,4,0.5,0,0,0.0,1,4,0.25,3,4,7,5,1,1,1,5,5,7.3,2024-10-25
T.J. McConnell,IND,NYK,L,16.2,3,4,0.75,0,0,0.0,1,2,0.5,0,2,2,5,0,0,2,0,7,7.1,2024-10-25
Jalen Smith,CHI,MIL,W,14.83,4,9,0.444,3,5,0.6,0,0,0.0,3,2,5,1,0,0,1,4,11,7.1,2024-10-25
Kris Murray,POR,NOP,L,15.0,3,5,0.6,1,1,1.0,0,0,0.0,1,2,3,2,0,0,0,1,7,7.0,2024-10-25
Gary Payton,GSW,UTA,W,12.75,2,3,0.667,0,1,0.0,0,0,0.0,0,1,1,2,3,0,0,1,4,7.0,2024-10-25
Lindy Waters,GSW,UTA,W,6.82,2,3,0.667,2,3,0.667,0,0,0.0,0,1,1,1,1,0,0,0,6,6.7,2024-10-25
Jalen Suggs,ORL,BRK,W,21.63,3,6,0.5,2,3,0.667,2,2,1.0,0,5,5,1,1,0,3,2,10,6.4,2024-10-25
Delon Wright,MIL,CHI,L,13.13,2,3,0.667,1,2,0.5,0,0,0.0,0,0,0,3,1,0,0,1,5,6.4,2024-10-25
Mason Plumlee,PHO,LAL,L,18.98,3,4,0.75,0,0,0.0,0,0,0.0,1,6,7,0,1,0,0,4,6,6.3,2024-10-25
Tim Hardaway,DET,CLE,L,23.17,3,6,0.5,3,5,0.6,0,0,0.0,0,3,3,1,0,0,1,1,9,6.2,2024-10-25
Garrison Mathews,ATL,CHO,W,18.53,2,3,0.667,2,3,0.667,2,2,1.0,0,1,1,0,0,0,0,2,8,6.2,2024-10-25
Drew Eubanks,UTA,GSW,L,5.5,1,1,1.0,1,1,1.0,1,2,0.5,2,0,2,2,0,0,0,0,4,6.1,2024-10-25
Eric Gordon,PHI,TOR,L,20.38,1,4,0.25,1,2,0.5,5,7,0.714,0,1,1,2,0,0,0,1,8,6.1,2024-10-25
Royce O'Neale,PHO,LAL,L,27.93,2,5,0.4,1,3,0.333,2,2,1.0,0,4,4,4,1,0,2,3,7,6.1,2024-10-25
Chris Boucher,TOR,PHI,W,19.27,0,5,0.0,0,4,0.0,4,4,1.0,0,3,3,1,2,4,1,0,4,5.9,2024-10-25
Nic Claxton,BRK,ORL,L,20.43,1,4,0.25,0,0,0.0,2,2,1.0,1,4,5,3,1,1,1,1,4,5.9,2024-10-25
Donovan Clingan,POR,NOP,L,14.43,1,1,1.0,0,0,0.0,2,3,0.667,2,4,6,0,0,4,2,3,4,5.5,2024-10-25
Keyonte George,UTA,GSW,L,29.82,4,12,0.333,3,8,0.375,1,1,1.0,1,1,2,3,2,0,5,0,12,5.3,2024-10-25
Walker Kessler,UTA,GSW,L,20.25,1,1,1.0,0,0,0.0,0,0,0.0,3,6,9,2,0,1,2,1,2,5.3,2024-10-25
Isaac Okoro,CLE,DET,W,17.98,2,2,1.0,0,0,0.0,0,0,0.0,1,1,2,3,0,0,0,3,4,5.3,2024-10-25
Reed Sheppard,HOU,MEM,W,12.63,2,5,0.4,2,4,0.5,0,0,0.0,0,0,0,2,1,0,0,1,6,5.3,2024-10-25
Miles McBride,NYK,IND,W,20.62,3,4,0.75,2,2,1.0,0,0,0.0,0,2,2,2,0,0,2,3,8,5.2,2024-10-25
Cameron Payne,NYK,IND,W,22.03,3,9,0.333,1,5,0.2,0,1,0.0,1,1,2,3,1,0,0,1,7,5.2,2024-10-25
Josh Green,CHO,ATL,L,17.65,2,5,0.4,1,3,0.333,0,0,0.0,1,2,3,2,1,1,0,4,5,5.1,2024-10-25
Lauri Markkanen,UTA,GSW,L,26.83,4,17,0.235,1,5,0.2,4,7,0.571,2,6,8,2,1,0,2,0,13,5.1,2024-10-25
Herbert Jones,NOP,POR,W,29.18,4,9,0.444,0,3,0.0,0,0,0.0,1,0,1,1,2,1,2,1,8,5.0,2024-10-25
Jake LaRavia,MEM,HOU,L,23.45,2,4,0.5,0,2,0.0,2,5,0.4,3,3,6,4,0,0,2,4,6,5.0,2024-10-25
Ziaire Williams,BRK,ORL,L,18.7,3,7,0.429,1,2,0.5,0,0,0.0,1,6,7,1,1,0,1,4,7,4.9,2024-10-25
Cole Anthony,ORL,BRK,W,19.58,1,3,0.333,1,2,0.5,1,2,0.5,0,1,1,2,3,0,1,2,4,4.8,2024-10-25
Toumani Camara,POR,NOP,L,24.93,2,6,0.333,1,2,0.5,0,0,0.0,4,2,6,2,1,0,1,4,5,4.8,2024-10-25
KJ Martin,PHI,TOR,L,24.32,1,1,1.0,0,0,0.0,0,0,0.0,0,3,3,3,1,1,0,4,2,4.8,2024-10-25
Gabe Vincent,LAL,PHO,W,20.58,2,5,0.4,1,3,0.333,0,0,0.0,1,1,2,0,3,0,0,4,5,4.7,2024-10-25
Brice Sensabaugh,UTA,GSW,L,17.8,3,9,0.333,2,7,0.286,1,1,1.0,2,1,3,0,0,0,1,0,9,4.6,2024-10-25
Daniel Theis,NOP,POR,W,18.45,1,4,0.25,0,2,0.0,3,4,0.75,1,5,6,4,0,0,1,4,5,4.6,2024-10-25
Dalen Terry,CHI,MIL,W,12.35,0,1,0.0,0,0,0.0,3,4,0.75,1,1,2,1,1,1,0,2,3,4.5,2024-10-25
Gary Harris,ORL,BRK,W,16.37,2,5,0.4,2,5,0.4,0,0,0.0,0,1,1,0,0,1,0,0,6,4.3,2024-10-25
Cameron Johnson,BRK,ORL,L,35.4,4,12,0.333,2,10,0.2,2,3,0.667,1,1,2,2,0,1,2,4,12,4.3,2024-10-25
D'Angelo Russell,LAL,PHO,W,29.28,1,6,0.167,1,3,0.333,2,2,1.0,1,1,2,5,1,1,2,3,5,4.2,2024-10-25
Quenton Jackson,IND,NYK,L,4.4,0,1,0.0,0,1,0.0,2,2,1.0,1,0,1,2,1,0,0,1,2,4.0,2024-10-25
Guerschon Yabusele,PHI,TOR,L,17.47,3,6,0.5,0,2,0.0,3,3,1.0,0,4,4,1,0,1,3,4,9,4.0,2024-10-25
Patty Mills,UTA,GSW,L,18.18,3,7,0.429,1,5,0.2,0,0,0.0,0,1,1,0,1,1,1,1,7,3.9,2024-10-25
Draymond Green,GSW,UTA,W,19.85,1,4,0.25,1,2,0.5,0,0,0.0,0,2,2,4,3,0,2,3,3,3.8,2024-10-25
Jordan Clarkson,UTA,GSW,L,23.7,4,10,0.4,0,4,0.0,3,5,0.6,0,1,1,2,0,0,2,2,11,3.7,2024-10-25
Marcus Smart,MEM,HOU,L,20.18,1,4,0.25,1,1,1.0,4,5,0.8,0,1,1,2,1,0,2,3,7,3.7,2024-10-25
Julian Phillips,CHI,MIL,W,14.87,1,2,0.5,1,2,0.5,0,0,0.0,1,1,2,0,1,0,0,1,3,3.6,2024-10-25
Ben Simmons,BRK,ORL,L,23.9,2,5,0.4,0,0,0.0,3,4,0.75,0,6,6,3,1,1,4,5,7,3.5,2024-10-25
Davion Mitchell,TOR,PHI,W,19.3,3,5,0.6,2,4,0.5,0,0,0.0,0,3,3,3,0,0,3,6,8,3.3,2024-10-25
Zaccharie Risacher,ATL,CHO,W,18.53,1,5,0.2,1,4,0.25,2,2,1.0,0,0,0,1,0,1,0,0,5,3.3,2024-10-25
Jeenathan Williams,HOU,MEM,W,2.22,1,1,1.0,1,1,1.0,0,0,0.0,0,2,2,0,0,0,0,0,3,3.3,2024-10-25
Tyler Kolek,NYK,IND,W,3.75,0,0,0.0,0,0,0.0,4,4,1.0,0,0,0,0,0,0,1,0,4,3.0,2024-10-25
Amen Thompson,HOU,MEM,W,24.1,2,4,0.5,0,1,0.0,5,5,1.0,3,3,6,3,0,0,8,3,9,2.9,2024-10-25
Santi Aldama,MEM,HOU,L,22.37,0,2,0.0,0,1,0.0,2,2,1.0,0,5,5,3,0,2,2,2,2,2.8,2024-10-25
Ron Holland,DET,CLE,L,17.18,2,6,0.333,0,2,0.0,0,0,0.0,0,7,7,1,0,1,1,1,4,2.7,2024-10-25
Jett Howard,ORL,BRK,W,1.55,1,1,1.0,1,1,1.0,0,0,0.0,0,0,0,0,0,0,0,0,3,2.7,2024-10-25
Goga Bitadze,ORL,BRK,W,6.4,1,2,0.5,0,0,0.0,1,2,0.5,1,1,2,0,0,0,0,0,3,2.6,2024-10-25
Max Christie,LAL,PHO,W,11.42,1,1,1.0,1,1,1.0,0,0,0.0,0,3,3,0,0,0,1,0,3,2.6,2024-10-25
Deni Avdija,POR,NOP,L,30.9,1,9,0.111,0,3,0.0,0,0,0.0,1,5,6,6,1,2,2,1,2,2.5,2024-10-25
Shake Milton,BRK,ORL,L,16.58,1,2,0.5,1,2,0.5,0,0,0.0,0,1,1,2,0,0,0,3,3,2.5,2024-10-25
Noah Clowney,BRK,ORL,L,15.8,3,8,0.375,1,4,0.25,0,0,0.0,1,1,2,0,1,0,1,3,7,2.4,2024-10-25
Enrique Freeman,IND,NYK,L,9.5,1,1,1.0,0,0,0.0,0,0,0.0,1,0,1,0,0,1,0,2,2,2.3,2024-10-25
Simone Fontecchio,DET,CLE,L,19.85,1,4,0.25,1,4,0.25,2,2,1.0,0,2,2,0,0,0,1,0,5,2.2,2024-10-25
James Johnson,IND,NYK,L,3.75,1,1,1.0,0,0,0.0,0,0,0.0,0,0,0,1,0,1,1,0,2,2.1,2024-10-25
Cam Whitmore,HOU,MEM,W,13.52,5,12,0.417,0,4,0.0,1,3,0.333,1,2,3,0,0,0,1,5,11,2.1,2024-10-25
Ryan Rollins,MIL,CHI,L,1.82,0,0,0.0,0,0,0.0,2,2,1.0,0,0,0,0,0,0,0,0,2,2.0,2024-10-25
Matas Buzelis,CHI,MIL,W,8.98,1,3,0.333,0,1,0.0,0,0,0.0,0,0,0,2,1,0,0,2,2,1.9,2024-10-25
Jericho Sims,NYK,IND,W,14.98,1,1,1.0,0,0,0.0,0,0,0.0,0,2,2,0,0,0,0,1,2,1.9,2024-10-25
Cody Martin,CHO,ATL,L,23.2,1,5,0.2,1,3,0.333,0,0,0.0,1,4,5,1,0,0,0,2,3,1.7,2024-10-25
Brook Lopez,MIL,CHI,L,29.4,2,10,0.2,1,6,0.167,2,2,1.0,0,4,4,1,0,3,2,3,7,1.6,2024-10-25
Moussa DiabatÃ©,CHO,ATL,L,9.83,1,2,0.5,0,0,0.0,0,2,0.0,1,3,4,0,0,0,0,1,2,1.4,2024-10-25
Marcus Sasser,DET,CLE,L,1.45,0,0,0.0,0,0,0.0,0,0,0.0,1,0,1,1,0,0,0,0,0,1.4,2024-10-25
Collin Sexton,UTA,GSW,L,20.57,4,13,0.308,0,2,0.0,4,5,0.8,1,1,2,1,0,0,4,1,12,1.4,2024-10-25
Jock Landale,HOU,MEM,W,6.47,0,0,0.0,0,0,0.0,0,0,0.0,1,2,3,0,0,0,0,0,0,1.3,2024-10-25
Andrew Nembhard,IND,NYK,L,21.42,1,3,0.333,0,2,0.0,0,0,0.0,0,2,2,2,2,0,3,0,2,1.3,2024-10-25
Jusuf NurkiÄ,PHO,LAL,L,18.42,1,5,0.2,0,3,0.0,2,2,1.0,1,6,7,4,0,1,4,4,4,1.3,2024-10-25
D.J. Carton,TOR,PHI,W,15.72,0,3,0.0,0,2,0.0,0,0,0.0,0,2,2,3,2,0,1,1,0,1.2,2024-10-25
Jamal Shead,TOR,PHI,W,25.48,4,11,0.364,1,2,0.5,2,2,1.0,0,2,2,5,0,0,7,2,11,1.2,2024-10-25
Ayo Dosunmu,CHI,MIL,W,27.6,1,8,0.125,0,5,0.0,0,0,0.0,0,5,5,5,0,1,1,1,2,1.1,2024-10-25
Jared McCain,PHI,TOR,L,3.93,0,0,0.0,0,0,0.0,0,0,0.0,0,1,1,1,0,0,0,0,0,1.0,2024-10-25
Georges Niang,CLE,DET,W,15.33,1,3,0.333,1,2,0.5,0,0,0.0,0,5,5,0,0,0,1,2,3,1.0,2024-10-25
Bruno Fernando,TOR,PHI,W,7.62,0,2,0.0,0,0,0.0,2,2,1.0,4,2,6,0,0,1,3,2,2,0.9,2024-10-25
Vasilije MiciÄ,CHO,ATL,L,18.6,1,6,0.167,0,3,0.0,0,0,0.0,3,3,6,1,0,0,1,0,2,0.9,2024-10-25
Yuki Kawamura,MEM,HOU,L,3.57,0,0,0.0,0,0,0.0,0,0,0.0,0,0,0,1,0,0,0,0,0,0.7,2024-10-25
Jonathan Kuminga,GSW,UTA,W,17.67,1,5,0.2,0,1,0.0,0,0,0.0,0,1,1,1,0,1,0,0,2,0.6,2024-10-25
Jae'Sean Tate,HOU,MEM,W,2.22,0,0,0.0,0,0,0.0,0,0,0.0,0,1,1,1,0,0,0,1,0,0.6,2024-10-25
Jaylen Wells,MEM,HOU,L,21.12,3,14,0.214,1,5,0.2,1,2,0.5,2,2,4,0,0,0,0,1,8,0.6,2024-10-25
Javonte Green,NOP,POR,W,19.35,1,3,0.333,0,1,0.0,1,1,1.0,1,1,2,0,0,0,1,2,3,0.5,2024-10-25
Ariel Hukporti,NYK,IND,W,5.72,0,0,0.0,0,0,0.0,0,0,0.0,0,1,1,0,0,2,1,1,0,0.3,2024-10-25
Vit Krejci,ATL,CHO,W,14.75,1,2,0.5,0,1,0.0,1,2,0.5,0,0,0,0,1,1,1,5,3,0.3,2024-10-25
Jose Alvarado,NOP,POR,W,13.2,0,1,0.0,0,0,0.0,0,0,0.0,0,1,1,4,3,0,4,3,0,0.2,2024-10-25
Aaron Nesmith,IND,NYK,L,17.72,2,5,0.4,0,1,0.0,0,0,0.0,1,1,2,0,0,0,1,3,4,0.1,2024-10-25
Cody Williams,UTA,GSW,L,25.2,1,6,0.167,0,3,0.0,0,0,0.0,0,3,3,2,1,0,1,1,2,0.1,2024-10-25
Kyle Filipowski,UTA,GSW,L,3.73,0,0,0.0,0,0,0.0,0,0,0.0,0,0,0,0,0,0,0,0,0,0.0,2024-10-25
Aaron Holiday,HOU,MEM,W,2.22,0,1,0.0,0,1,0.0,0,0,0.0,0,0,0,1,0,0,0,0,0,0.0,2024-10-25
Talen Horton-Tucker,CHI,MIL,W,1.17,0,0,0.0,0,0,0.0,0,0,0.0,0,0,0,0,0,0,0,0,0,0.0,2024-10-25
Wendell Moore,DET,CLE,L,1.45,0,0,0.0,0,0,0.0,0,0,0.0,0,0,0,0,0,0,0,0,0,0.0,2024-10-25
Craig Porter,CLE,DET,W,1.28,0,0,0.0,0,0,0.0,0,0,0.0,0,0,0,0,0,0,0,0,0,0.0,2024-10-25
Tyler Smith,MIL,CHI,L,1.82,0,0,0.0,0,0,0.0,0,0,0.0,0,0,0,0,0,0,0,0,0,0.0,2024-10-25
Garrett Temple,TOR,PHI,W,0.22,0,0,0.0,0,0,0.0,0,0,0.0,0,0,0,0,0,0,0,0,0,0.0,2024-10-25
Jacob Toppin,NYK,IND,W,2.13,0,0,0.0,0,0,0.0,0,0,0.0,0,0,0,0,0,0,0,0,0,0.0,2024-10-25
Jaylon Tyson,CLE,DET,W,1.28,0,0,0.0,0,0,0.0,0,0,0.0,0,0,0,0,0,0,0,0,0,0.0,2024-10-25
Keon Johnson,BRK,ORL,L,2.07,1,3,0.333,0,2,0.0,0,0,0.0,0,0,0,0,0,0,0,1,2,-0.1,2024-10-25
Pat Connaughton,MIL,CHI,L,16.55,1,6,0.167,1,5,0.2,0,0,0.0,2,3,5,1,0,0,2,1,3,-0.2,2024-10-25
Gradey Dick,TOR,PHI,W,23.97,3,9,0.333,1,4,0.25,1,1,1.0,0,1,1,0,1,0,2,6,8,-0.2,2024-10-25
Jabari Walker,POR,NOP,L,16.92,1,3,0.333,0,2,0.0,0,0,0.0,0,4,4,0,0,0,1,2,2,-0.3,2024-10-25
Adem Bona,PHI,TOR,L,0.85,0,0,0.0,0,0,0.0,0,0,0.0,0,0,0,0,0,0,0,1,0,-0.4,2024-10-25
AJ Johnson,MIL,CHI,L,1.82,0,1,0.0,0,0,0.0,0,0,0.0,0,1,1,0,0,0,0,0,0,-0.4,2024-10-25
Ben Sheppard,IND,NYK,L,11.55,2,4,0.5,0,1,0.0,0,0,0.0,0,0,0,0,0,0,0,6,4,-0.4,2024-10-25
Taylor Hendricks,UTA,GSW,L,24.72,0,6,0.0,0,4,0.0,0,0,0.0,1,6,7,0,2,2,1,3,0,-0.5,2024-10-25
Sam Merrill,CLE,DET,W,15.8,0,4,0.0,0,4,0.0,0,0,0.0,0,1,1,2,1,0,0,1,0,-0.5,2024-10-25
Brandon Clarke,MEM,HOU,L,11.9,1,5,0.2,0,1,0.0,1,2,0.5,1,2,3,0,0,0,1,1,3,-0.6,2024-10-25
Paul Reed,DET,CLE,L,6.63,0,0,0.0,0,0,0.0,0,0,0.0,1,0,1,1,0,0,2,0,0,-0.6,2024-10-25
Daniss Jenkins,DET,CLE,L,1.45,0,1,0.0,0,1,0.0,0,0,0.0,0,0,0,0,0,0,0,0,0,-0.7,2024-10-25
Gui Santos,GSW,UTA,W,5.93,0,0,0.0,0,0,0.0,0,0,0.0,0,3,3,0,0,0,1,2,0,-0.9,2024-10-25
Isaiah Stewart,DET,CLE,L,11.47,0,0,0.0,0,0,0.0,0,0,0.0,1,2,3,1,1,1,3,5,0,-1.3,2024-10-25
Ricky Council,PHI,TOR,L,4.23,0,2,0.0,0,1,0.0,0,0,0.0,0,0,0,0,0,0,0,0,0,-1.4,2024-10-25
MarJon Beauchamp,MIL,CHI,L,1.82,0,1,0.0,0,1,0.0,0,0,0.0,0,0,0,0,0,0,1,0,0,-1.7,2024-10-25
Reggie Jackson,PHI,TOR,L,3.42,0,1,0.0,0,0,0.0,0,0,0.0,0,0,0,0,0,0,1,0,0,-1.7,2024-10-25
Pacome Dadiet,NYK,IND,W,4.4,0,1,0.0,0,0,0.0,0,0,0.0,0,1,1,0,0,0,1,1,0,-1.8,2024-10-25
Jeremiah Robinson-Earl,NOP,POR,W,4.23,0,0,0.0,0,0,0.0,0,0,0.0,0,2,2,0,0,0,2,1,0,-1.8,2024-10-25
Oso Ighodaro,PHO,LAL,L,6.23,0,0,0.0,0,0,0.0,0,0,0.0,0,1,1,0,0,0,1,3,0,-1.9,2024-10-25
Johnny Furphy,IND,NYK,L,4.98,0,3,0.0,0,1,0.0,0,0,0.0,0,0,0,0,0,0,0,0,0,-2.1,2024-10-25
Tyrese Haliburton,IND,NYK,L,25.85,0,8,0.0,0,7,0.0,0,0,0.0,0,1,1,5,1,0,1,2,0,-2.6,2024-10-25
De'Anthony Melton,GSW,UTA,W,13.77,0,4,0.0,0,3,0.0,0,0,0.0,1,0,1,4,0,1,2,5,0,-2.6,2024-10-25
Jalen Wilson,BRK,ORL,L,13.17,0,3,0.0,0,2,0.0,0,0,0.0,0,1,1,2,1,0,2,4,0,-3.0,2024-10-25
Domantas Sabonis,SAC,LAL,L,36.75,10,14,0.714,1,3,0.333,8,9,0.889,3,9,12,10,1,1,2,3,29,33.1,2024-10-26
Nikola JokiÄ,DEN,LAC,L,36.77,14,26,0.538,7,12,0.583,6,8,0.75,3,6,9,4,2,1,5,2,41,31.2,2024-10-26
Anthony Davis,LAL,SAC,W,37.75,10,15,0.667,1,2,0.5,10,13,0.769,3,6,9,2,3,2,2,1,31,30.6,2024-10-26
Luka DonÄiÄ,DAL,PHO,L,39.4,12,25,0.48,5,13,0.385,11,12,0.917,1,9,10,4,0,1,2,4,40,30.2,2024-10-26
Norman Powell,LAC,DEN,W,33.18,14,21,0.667,7,11,0.636,2,3,0.667,1,2,3,0,1,0,0,1,37,29.4,2024-10-26
LeBron James,LAL,SAC,W,33.77,12,22,0.545,4,9,0.444,4,4,1.0,0,14,14,10,0,1,5,3,32,27.1,2024-10-26
Jimmy Butler,MIA,CHO,W,36.9,7,15,0.467,1,3,0.333,11,17,0.647,4,4,8,8,2,1,1,2,26,26.4,2024-10-26
Jayson Tatum,BOS,DET,W,38.13,12,26,0.462,6,13,0.462,7,9,0.778,1,3,4,2,2,1,1,5,37,25.5,2024-10-26
Donovan Mitchell,CLE,WAS,W,29.3,11,18,0.611,6,11,0.545,2,3,0.667,1,3,4,5,4,0,5,1,30,25.1,2024-10-26
Kevin Durant,PHO,DAL,W,39.37,10,21,0.476,4,8,0.5,7,9,0.778,0,9,9,2,1,1,1,0,31,24.3,2024-10-26
Jarrett Allen,CLE,WAS,W,25.07,10,10,1.0,0,0,0.0,3,4,0.75,1,4,5,1,1,2,0,1,23,24.2,2024-10-26
Jaden Ivey,DET,BOS,L,38.88,10,18,0.556,2,5,0.4,4,5,0.8,2,3,5,6,1,0,1,2,26,22.7,2024-10-26
James Harden,LAC,DEN,W,37.75,5,11,0.455,1,5,0.2,12,13,0.923,0,6,6,16,1,1,7,5,23,22.6,2024-10-26
Victor Wembanyama,SAS,HOU,W,30.2,10,17,0.588,2,5,0.4,7,8,0.875,1,6,7,1,0,3,3,3,29,21.8,2024-10-26
Santi Aldama,MEM,ORL,W,27.65,9,12,0.75,4,6,0.667,0,0,0.0,0,7,7,5,0,1,2,0,22,21.5,2024-10-26
Ivica Zubac,LAC,DEN,W,39.07,11,17,0.647,0,0,0.0,2,3,0.667,4,11,15,4,0,1,3,4,24,21.1,2024-10-26
De'Aaron Fox,SAC,LAL,L,41.0,9,20,0.45,3,10,0.3,7,8,0.875,0,5,5,10,2,0,6,3,28,20.5,2024-10-26
DeMar DeRozan,SAC,LAL,L,37.22,9,12,0.75,2,3,0.667,3,4,0.75,0,0,0,3,3,0,2,2,23,20.1,2024-10-26
Jalen Green,HOU,SAS,L,33.05,10,22,0.455,3,10,0.3,6,6,1.0,1,5,6,5,0,0,2,3,29,20.1,2024-10-26
Darius Garland,CLE,WAS,W,23.95,9,11,0.818,4,5,0.8,1,1,1.0,0,2,2,5,2,0,4,4,23,19.4,2024-10-26
Jalen Williams,OKC,CHI,W,32.07,10,22,0.455,1,4,0.25,3,3,1.0,2,7,9,8,0,0,2,1,24,19.3,2024-10-26
Shai Gilgeous-Alexander,OKC,CHI,W,29.5,9,21,0.429,2,9,0.222,3,3,1.0,2,6,8,2,4,0,1,1,23,19.1,2024-10-26
Jamal Murray,DEN,LAC,L,36.85,7,14,0.5,3,6,0.5,5,5,1.0,0,2,2,5,2,0,2,1,22,18.7,2024-10-26
Al Horford,BOS,DET,W,31.98,6,10,0.6,5,8,0.625,0,0,0.0,2,3,5,1,3,0,0,0,17,18.4,2024-10-26
Gradey Dick,TOR,MIN,L,29.52,9,16,0.563,4,9,0.444,3,3,1.0,0,1,1,2,1,0,1,2,25,18.3,2024-10-26
Julius Randle,MIN,TOR,W,35.83,9,16,0.563,1,4,0.25,5,7,0.714,3,6,9,5,0,0,4,2,24,18.2,2024-10-26
Rudy Gobert,MIN,TOR,W,38.98,6,8,0.75,0,0,0.0,3,4,0.75,2,10,12,1,1,4,1,3,15,18.1,2024-10-26
Jalen Suggs,ORL,MEM,L,30.65,6,17,0.353,5,13,0.385,4,4,1.0,0,7,7,3,4,1,2,1,21,18.0,2024-10-26
LaMelo Ball,CHO,MIA,L,36.52,9,22,0.409,2,10,0.2,7,8,0.875,2,6,8,7,1,0,5,5,27,16.9,2024-10-26
Fred VanVleet,HOU,SAS,L,38.62,5,12,0.417,4,10,0.4,4,4,1.0,0,2,2,7,3,0,2,3,18,16.9,2024-10-26
Jalen Duren,DET,BOS,L,28.73,7,7,1.0,0,0,0.0,1,2,0.5,3,6,9,2,0,2,2,1,15,16.8,2024-10-26
Payton Pritchard,BOS,DET,W,19.28,5,8,0.625,5,7,0.714,4,4,1.0,0,2,2,0,1,0,0,1,19,16.6,2024-10-26
Devin Booker,PHO,DAL,W,37.1,4,12,0.333,2,8,0.25,11,12,0.917,0,1,1,5,1,0,1,3,21,16.4,2024-10-26
Tyler Herro,MIA,CHO,W,32.62,7,15,0.467,3,7,0.429,5,6,0.833,1,4,5,5,1,0,3,3,22,16.1,2024-10-26
Chet Holmgren,OKC,CHI,W,28.77,8,18,0.444,0,5,0.0,5,8,0.625,3,13,16,0,1,2,2,2,21,16.0,2024-10-26
Rui Hachimura,LAL,SAC,W,37.33,5,13,0.385,2,2,1.0,6,6,1.0,4,5,9,3,0,0,1,1,18,15.9,2024-10-26
Nikola VuÄeviÄ,CHI,OKC,L,32.52,7,12,0.583,2,2,1.0,2,2,1.0,3,10,13,2,0,1,3,2,18,15.8,2024-10-26
Jay Huff,MEM,ORL,W,19.13,7,9,0.778,3,5,0.6,1,1,1.0,0,2,2,0,0,1,0,1,18,15.4,2024-10-26
Bilal Coulibaly,WAS,CLE,L,35.17,9,16,0.563,4,9,0.444,1,1,1.0,3,3,6,1,0,0,3,2,23,15.3,2024-10-26
Jaylen Brown,BOS,DET,W,38.15,6,24,0.25,3,9,0.333,9,10,0.9,3,7,10,5,1,0,2,2,24,15.1,2024-10-26
Zach LaVine,CHI,OKC,L,34.27,6,13,0.462,4,9,0.444,6,7,0.857,0,9,9,3,2,1,7,1,22,15.0,2024-10-26
Jordan Poole,WAS,CLE,L,23.75,4,9,0.444,4,7,0.571,2,2,1.0,0,1,1,6,3,0,1,2,14,15.0,2024-10-26
Kyrie Irving,DAL,PHO,L,38.7,9,22,0.409,2,5,0.4,2,2,1.0,0,2,2,5,3,0,1,4,22,14.7,2024-10-26
Jeremy Sochan,SAS,HOU,W,36.87,8,14,0.571,0,1,0.0,1,2,0.5,3,9,12,3,2,0,3,3,17,14.7,2024-10-26
D'Angelo Russell,LAL,SAC,W,32.47,6,11,0.545,3,6,0.5,1,1,1.0,1,3,4,5,2,0,2,3,16,14.6,2024-10-26
Derrick White,BOS,DET,W,39.37,6,14,0.429,0,6,0.0,5,5,1.0,2,4,6,3,0,3,1,2,17,14.6,2024-10-26
Scotty Pippen ,MEM,ORL,W,22.92,5,7,0.714,1,1,1.0,0,0,0.0,2,3,5,12,2,1,5,5,11,14.5,2024-10-26
Franz Wagner,ORL,MEM,L,34.33,7,16,0.438,4,10,0.4,5,6,0.833,1,6,7,3,2,0,6,2,23,14.0,2024-10-26
Terry Rozier,MIA,CHO,W,31.6,7,12,0.583,3,6,0.5,2,2,1.0,0,5,5,3,0,0,2,3,19,13.8,2024-10-26
Ty Jerome,CLE,WAS,W,15.17,4,6,0.667,1,1,1.0,5,6,0.833,1,1,2,3,1,0,1,1,14,13.7,2024-10-26
Mike Conley,MIN,TOR,W,25.95,2,9,0.222,2,6,0.333,4,4,1.0,1,2,3,6,4,1,1,1,10,13.3,2024-10-26
Ja Morant,MEM,ORL,W,24.75,4,12,0.333,0,6,0.0,8,8,1.0,0,2,2,10,0,1,3,3,16,13.3,2024-10-26
Cade Cunningham,DET,BOS,L,40.52,9,22,0.409,2,8,0.25,1,3,0.333,0,6,6,10,1,4,7,2,21,13.2,2024-10-26
Anthony Edwards,MIN,TOR,W,39.18,9,21,0.429,5,12,0.417,1,3,0.333,0,6,6,4,1,1,4,3,24,13.2,2024-10-26
Keldon Johnson,SAS,HOU,W,29.43,5,11,0.455,1,3,0.333,5,6,0.833,1,7,8,0,1,0,0,2,16,12.9,2024-10-26
Ochai Agbaji,TOR,MIN,L,30.58,8,12,0.667,3,5,0.6,0,1,0.0,0,2,2,2,2,0,4,2,19,12.6,2024-10-26
Tyus Jones,PHO,DAL,W,30.78,3,7,0.429,2,3,0.667,0,0,0.0,0,5,5,7,1,1,0,0,8,12.4,2024-10-26
Nick Richards,CHO,MIA,L,34.6,5,8,0.625,0,1,0.0,2,3,0.667,4,8,12,1,1,3,3,4,12,12.4,2024-10-26
Caris LeVert,CLE,WAS,W,19.18,3,4,0.75,2,2,1.0,2,2,1.0,0,0,0,4,0,2,0,1,10,12.2,2024-10-26
Keegan Murray,SAC,LAL,L,39.75,5,11,0.455,2,7,0.286,2,2,1.0,1,3,4,1,2,2,1,2,14,12.2,2024-10-26
Malik Beasley,DET,BOS,L,20.32,5,10,0.5,5,8,0.625,2,2,1.0,0,3,3,0,0,0,1,0,17,11.9,2024-10-26
Christian Braun,DEN,LAC,L,34.27,4,6,0.667,1,1,1.0,2,2,1.0,1,6,7,1,1,2,1,3,11,11.8,2024-10-26
Tre Mann,CHO,MIA,L,31.75,5,11,0.455,2,5,0.4,2,2,1.0,0,5,5,4,1,0,1,2,14,11.8,2024-10-26
Jusuf NurkiÄ,PHO,DAL,W,30.47,7,12,0.583,0,2,0.0,4,8,0.5,3,11,14,1,0,1,5,2,18,11.8,2024-10-26
Nikola JoviÄ,MIA,CHO,W,29.85,3,7,0.429,2,5,0.4,2,2,1.0,0,4,4,6,2,0,1,3,10,11.5,2024-10-26
Seth Curry,CHO,MIA,L,29.33,6,12,0.5,3,6,0.5,0,0,0.0,2,2,4,2,0,0,0,3,15,11.2,2024-10-26
Kevin Huerter,SAC,LAL,L,26.37,5,9,0.556,4,7,0.571,0,0,0.0,0,2,2,1,2,0,1,2,14,11.2,2024-10-26
Scottie Barnes,TOR,MIN,L,36.82,9,19,0.474,1,4,0.25,1,2,0.5,3,5,8,6,1,0,6,4,20,11.1,2024-10-26
Austin Reaves,LAL,SAC,W,33.53,7,12,0.583,2,4,0.5,0,0,0.0,4,3,7,6,0,0,6,3,16,11.1,2024-10-26
Alex Sarr,WAS,CLE,L,24.98,4,10,0.4,2,6,0.333,2,2,1.0,2,4,6,1,1,2,0,3,12,11.1,2024-10-26
Malik Monk,SAC,LAL,L,27.83,6,14,0.429,2,7,0.286,0,0,0.0,0,3,3,5,1,0,0,3,14,10.8,2024-10-26
Harrison Barnes,SAS,HOU,W,27.7,4,6,0.667,2,3,0.667,1,1,1.0,0,3,3,1,0,1,0,0,11,10.7,2024-10-26
Miles Bridges,CHO,MIA,L,34.78,6,14,0.429,2,6,0.333,2,4,0.5,2,7,9,2,0,1,2,2,16,10.6,2024-10-26
Klay Thompson,DAL,PHO,L,33.33,7,16,0.438,5,12,0.417,0,0,0.0,0,3,3,1,1,0,1,4,19,10.6,2024-10-26
Dillon Brooks,HOU,SAS,L,35.32,6,12,0.5,4,7,0.571,0,0,0.0,1,1,2,1,1,1,1,5,16,10.4,2024-10-26
Jaden McDaniels,MIN,TOR,W,33.45,4,5,0.8,1,1,1.0,0,0,0.0,1,2,3,2,1,2,1,2,9,10.4,2024-10-26
Jock Landale,HOU,SAS,L,13.62,5,7,0.714,0,0,0.0,3,4,0.75,0,2,2,0,0,0,0,0,13,10.3,2024-10-26
Royce O'Neale,PHO,DAL,W,26.52,2,6,0.333,1,5,0.2,2,2,1.0,2,7,9,4,0,1,0,2,7,9.8,2024-10-26
Evan Mobley,CLE,WAS,W,32.3,4,13,0.308,0,2,0.0,5,7,0.714,1,12,13,4,0,2,2,4,13,9.6,2024-10-26
Naz Reid,MIN,TOR,W,21.18,3,7,0.429,0,2,0.0,4,4,1.0,1,3,4,1,1,0,0,0,10,9.6,2024-10-26
Bam Adebayo,MIA,CHO,W,32.62,6,17,0.353,0,2,0.0,0,1,0.0,4,7,11,3,1,1,1,1,12,9.4,2024-10-26
Desmond Bane,MEM,ORL,W,28.05,5,10,0.5,2,6,0.333,1,1,1.0,1,6,7,2,2,0,3,4,13,9.3,2024-10-26
Jared Butler,WAS,CLE,L,11.18,3,4,0.75,1,1,1.0,1,2,0.5,0,1,1,3,1,1,0,2,8,9.3,2024-10-26
Cason Wallace,OKC,CHI,W,29.3,4,11,0.364,0,4,0.0,1,1,1.0,1,5,6,2,3,0,0,1,9,9.1,2024-10-26
Paolo Banchero,ORL,MEM,L,36.92,4,12,0.333,1,4,0.25,7,13,0.538,3,4,7,3,1,0,3,3,16,9.0,2024-10-26
Dereck Lively,DAL,PHO,L,21.3,2,2,1.0,0,0,0.0,1,2,0.5,4,7,11,3,0,0,1,3,5,8.8,2024-10-26
Alec Burks,MIA,CHO,W,24.88,3,4,0.75,3,4,0.75,0,0,0.0,0,2,2,0,0,1,0,0,9,8.7,2024-10-26
Julian Champagnie,SAS,HOU,W,25.22,4,8,0.5,2,4,0.5,2,2,1.0,3,3,6,0,0,0,2,1,12,8.6,2024-10-26
Jett Howard,ORL,MEM,L,11.55,4,6,0.667,3,5,0.6,0,0,0.0,0,2,2,0,0,0,0,1,11,8.6,2024-10-26
Kris Dunn,LAC,DEN,W,18.63,4,6,0.667,3,5,0.6,0,0,0.0,1,5,6,1,0,0,1,5,11,8.3,2024-10-26
Jonas ValanÄiÅ«nas,WAS,CLE,L,21.12,4,7,0.571,0,0,0.0,2,2,1.0,4,4,8,0,1,0,3,1,10,8.3,2024-10-26
Donte DiVincenzo,MIN,TOR,W,23.35,5,15,0.333,4,11,0.364,2,2,1.0,0,2,2,2,1,0,2,1,16,8.1,2024-10-26
Jamison Battle,TOR,MIN,L,18.8,3,8,0.375,1,4,0.25,2,2,1.0,2,4,6,1,0,0,0,0,9,7.9,2024-10-26
Daniel Gafford,DAL,PHO,L,18.15,3,7,0.429,0,0,0.0,1,2,0.5,4,4,8,4,0,0,1,2,7,7.9,2024-10-26
Kyle Kuzma,WAS,CLE,L,24.28,3,16,0.188,0,4,0.0,8,10,0.8,3,5,8,3,0,0,1,0,14,7.9,2024-10-26
Isaiah Stewart,DET,BOS,L,18.87,3,3,1.0,0,0,0.0,0,0,0.0,2,3,5,3,1,0,1,4,6,7.9,2024-10-26
Ryan Dunn,PHO,DAL,W,21.17,5,8,0.625,3,6,0.5,0,0,0.0,1,0,1,1,0,0,1,5,13,7.8,2024-10-26
Simone Fontecchio,DET,BOS,L,18.18,3,6,0.5,3,5,0.6,2,2,1.0,0,2,2,0,0,0,0,2,11,7.8,2024-10-26
Julian Strawther,DEN,LAC,L,16.2,3,5,0.6,2,2,1.0,0,0,0.0,1,1,2,3,2,0,1,5,8,7.8,2024-10-26
Aaron Gordon,DEN,LAC,L,35.85,3,10,0.3,1,4,0.25,3,4,0.75,2,3,5,2,1,0,0,2,10,7.7,2024-10-26
Jakob Poeltl,TOR,MIN,L,29.97,4,9,0.444,0,0,0.0,0,0,0.0,3,7,10,3,1,1,2,4,8,7.7,2024-10-26
Marvin Bagley,WAS,CLE,L,9.77,2,5,0.4,0,2,0.0,5,5,1.0,3,3,6,0,0,1,2,1,9,7.6,2024-10-26
Josh Giddey,CHI,OKC,L,26.43,6,14,0.429,2,6,0.333,0,0,0.0,2,5,7,4,0,0,4,2,14,7.5,2024-10-26
Sam Merrill,CLE,WAS,W,19.58,3,8,0.375,3,7,0.429,2,2,1.0,1,1,2,1,1,0,1,2,11,7.5,2024-10-26
Thomas Bryant,MIA,CHO,W,11.63,3,4,0.75,0,0,0.0,0,0,0.0,1,0,1,2,1,1,0,2,6,7.4,2024-10-26
Marcus Smart,MEM,ORL,W,21.35,4,8,0.5,1,3,0.333,0,0,0.0,0,0,0,3,2,1,2,1,9,7.4,2024-10-26
Michael Porter,DEN,LAC,L,37.97,4,13,0.308,0,6,0.0,1,1,1.0,2,7,9,3,2,0,1,2,9,7.3,2024-10-26
Jaren Jackson,MEM,ORL,W,22.55,4,10,0.4,0,2,0.0,5,9,0.556,1,3,4,1,1,0,1,3,13,7.1,2024-10-26
Julian Phillips,CHI,OKC,L,14.93,3,6,0.5,2,5,0.4,1,1,1.0,0,1,1,0,1,0,0,1,9,6.9,2024-10-26
Tari Eason,HOU,SAS,L,18.32,3,6,0.5,0,2,0.0,0,0,0.0,0,2,2,2,3,1,1,3,6,6.5,2024-10-26
Cody Martin,CHO,MIA,L,27.48,4,9,0.444,2,6,0.333,0,0,0.0,2,1,3,2,1,1,2,4,10,6.5,2024-10-26
Malaki Branham,SAS,HOU,W,13.68,3,5,0.6,0,0,0.0,1,1,1.0,0,3,3,2,0,2,2,0,7,6.4,2024-10-26
Anthony Black,ORL,MEM,L,20.38,4,8,0.5,0,1,0.0,2,2,1.0,0,1,1,3,0,1,2,2,10,6.3,2024-10-26
Jake LaRavia,MEM,ORL,W,23.03,1,1,1.0,0,0,0.0,1,2,0.5,1,6,7,2,1,0,1,0,3,6.2,2024-10-26
Cam Whitmore,HOU,SAS,L,20.78,4,10,0.4,0,3,0.0,2,3,0.667,1,2,3,0,0,1,0,0,10,6.2,2024-10-26
Jaylen Wells,MEM,ORL,W,17.57,2,6,0.333,1,1,1.0,2,2,1.0,1,1,2,2,0,0,0,0,7,6.0,2024-10-26
Monte Morris,PHO,DAL,W,16.47,2,7,0.286,1,4,0.25,3,4,0.75,1,2,3,3,0,0,1,0,8,5.9,2024-10-26
Moritz Wagner,ORL,MEM,L,12.38,4,8,0.5,1,3,0.333,0,0,0.0,2,1,3,0,0,1,0,4,9,5.8,2024-10-26
Tim Hardaway,DET,BOS,L,36.8,2,7,0.286,1,5,0.2,4,4,1.0,0,2,2,2,0,0,0,3,9,5.7,2024-10-26
Bruno Fernando,TOR,MIN,L,12.32,2,4,0.5,0,0,0.0,2,2,1.0,2,1,3,1,1,2,2,3,6,5.6,2024-10-26
Jaime Jaquez,MIA,CHO,W,21.67,2,4,0.5,2,2,1.0,0,0,0.0,2,4,6,4,1,0,4,2,6,5.6,2024-10-26
Nickeil Alexander-Walker,MIN,TOR,W,16.47,1,2,0.5,1,1,1.0,1,2,0.5,0,1,1,4,0,0,0,1,4,5.3,2024-10-26
Brandon Clarke,MEM,ORL,W,17.57,2,5,0.4,0,1,0.0,1,1,1.0,0,5,5,1,2,0,0,3,5,5.3,2024-10-26
Corey Kispert,WAS,CLE,L,26.38,4,9,0.444,2,6,0.333,0,0,0.0,0,1,1,2,0,0,1,2,10,5.2,2024-10-26
Dalton Knecht,LAL,SAC,W,20.17,4,7,0.571,2,5,0.4,0,0,0.0,0,0,0,1,0,0,1,3,10,5.2,2024-10-26
Zach Collins,SAS,HOU,W,17.8,1,4,0.25,0,0,0.0,2,2,1.0,2,6,8,2,0,0,0,3,4,5.0,2024-10-26
Jrue Holiday,BOS,DET,W,35.65,2,5,0.4,2,3,0.667,1,2,0.5,1,2,3,4,0,1,3,2,7,4.9,2024-10-26
Ousmane Dieng,OKC,CHI,W,20.43,2,7,0.286,0,4,0.0,2,3,0.667,0,6,6,1,0,1,0,0,6,4.7,2024-10-26
Jamal Shead,TOR,MIN,L,18.88,2,4,0.5,1,2,0.5,0,0,0.0,0,0,0,5,0,0,1,2,5,4.7,2024-10-26
Carlton Carrington,WAS,CLE,L,25.28,2,8,0.25,2,4,0.5,4,4,1.0,0,2,2,4,0,0,2,5,10,4.6,2024-10-26
Luguentz Dort,OKC,CHI,W,24.73,2,5,0.4,1,3,0.333,2,2,1.0,0,2,2,1,0,0,1,0,7,4.6,2024-10-26
Tobias Harris,DET,BOS,L,31.48,2,11,0.182,0,5,0.0,4,4,1.0,2,9,11,3,1,1,2,6,8,4.6,2024-10-26
Isaac Okoro,CLE,WAS,W,18.9,0,4,0.0,0,1,0.0,3,5,0.6,3,2,5,1,2,2,1,2,3,4.4,2024-10-26
Jaxson Hayes,LAL,SAC,W,14.47,2,2,1.0,0,0,0.0,0,0,0.0,1,1,2,1,0,0,0,2,4,4.3,2024-10-26
Caleb Houstan,ORL,MEM,L,4.88,2,3,0.667,2,3,0.667,0,0,0.0,0,0,0,0,0,0,0,1,6,4.3,2024-10-26
Isaiah Joe,OKC,CHI,W,11.8,2,4,0.5,2,4,0.5,0,0,0.0,0,1,1,1,0,0,0,2,6,4.2,2024-10-26
Xavier Tillman,BOS,DET,W,18.12,1,2,0.5,1,2,0.5,0,0,0.0,1,2,3,1,2,0,1,2,3,4.2,2024-10-26
Alex Caruso,OKC,CHI,W,21.67,1,5,0.2,1,3,0.333,0,0,0.0,0,2,2,2,2,2,0,3,3,4.1,2024-10-26
Zach Edey,MEM,ORL,W,13.37,3,4,0.75,1,1,1.0,0,0,0.0,0,1,1,0,0,0,0,4,7,4.1,2024-10-26
Trey Lyles,SAC,LAL,L,18.62,1,6,0.167,1,6,0.167,2,2,1.0,1,3,4,1,1,1,0,3,5,4.0,2024-10-26
Derrick Jones,LAC,DEN,W,26.77,4,8,0.5,1,4,0.25,0,0,0.0,0,1,1,1,1,1,3,2,9,3.9,2024-10-26
Ajay Mitchell,OKC,CHI,W,15.72,2,5,0.4,0,0,0.0,0,0,0.0,0,1,1,3,2,0,1,2,4,3.9,2024-10-26
Alperen Sengun,HOU,SAS,L,22.03,2,8,0.25,1,2,0.5,1,2,0.5,1,4,5,2,2,0,1,3,6,3.9,2024-10-26
Nicolas Batum,LAC,DEN,W,21.5,0,0,0.0,0,0,0.0,1,2,0.5,1,3,4,3,0,1,0,3,1,3.8,2024-10-26
Goga Bitadze,ORL,MEM,L,5.08,1,1,1.0,0,0,0.0,0,0,0.0,1,0,1,1,0,1,0,0,2,3.8,2024-10-26
Chris Paul,SAS,HOU,W,26.53,1,3,0.333,1,2,0.5,0,0,0.0,0,0,0,9,1,0,4,2,3,3.8,2024-10-26
Aaron Wiggins,OKC,CHI,W,15.72,4,7,0.571,0,2,0.0,0,0,0.0,1,2,3,1,1,0,2,5,8,3.7,2024-10-26
Moussa DiabatÃ©,CHO,MIA,L,7.87,2,2,1.0,0,0,0.0,1,2,0.5,2,0,2,0,0,0,1,2,5,3.6,2024-10-26
Davion Mitchell,TOR,MIN,L,28.8,0,5,0.0,0,1,0.0,0,0,0.0,0,2,2,8,1,1,0,2,0,3.6,2024-10-26
Chris Duarte,CHI,OKC,L,4.43,1,1,1.0,1,1,1.0,0,0,0.0,0,0,0,1,0,0,0,0,3,3.4,2024-10-26
Cory Joseph,ORL,MEM,L,4.88,1,1,1.0,1,1,1.0,0,0,0.0,0,0,0,1,0,0,0,0,3,3.4,2024-10-26
Stephon Castle,SAS,HOU,W,26.52,2,8,0.25,0,2,0.0,4,6,0.667,0,1,1,3,2,1,3,3,8,3.3,2024-10-26
Adam Flagler,OKC,CHI,W,3.2,1,1,1.0,1,1,1.0,0,0,0.0,0,0,0,0,1,0,0,1,3,3.3,2024-10-26
Ron Holland,DET,BOS,L,6.22,2,4,0.5,1,3,0.333,0,0,0.0,0,1,1,1,0,0,0,2,5,3.2,2024-10-26
Grant Williams,CHO,MIA,L,19.3,2,7,0.286,2,5,0.4,1,2,0.5,1,1,2,1,1,0,2,0,7,3.2,2024-10-26
Jalen Smith,CHI,OKC,L,11.05,1,4,0.25,1,2,0.5,1,2,0.5,2,4,6,0,0,0,0,2,4,3.0,2024-10-26
Jonathan Mogbo,TOR,MIN,L,8.9,1,3,0.333,0,0,0.0,0,0,0.0,1,2,3,1,2,0,1,1,2,2.9,2024-10-26
Jabari Smith,HOU,SAS,L,31.97,3,10,0.3,1,4,0.25,0,0,0.0,2,5,7,1,1,0,1,5,7,2.8,2024-10-26
Cole Anthony,ORL,MEM,L,7.6,2,3,0.667,0,1,0.0,0,0,0.0,0,0,0,2,1,0,2,1,4,2.7,2024-10-26
Wendell Carter,ORL,MEM,L,30.73,1,6,0.167,0,3,0.0,1,2,0.5,5,5,10,2,0,1,2,3,3,2.7,2024-10-26
Luke Kornet,BOS,DET,W,19.32,0,1,0.0,0,0,0.0,0,0,0.0,3,1,4,3,1,1,2,2,0,2.7,2024-10-26
Craig Porter,CLE,WAS,W,3.37,0,0,0.0,0,0,0.0,0,0,0.0,0,2,2,1,0,2,0,0,0,2.7,2024-10-26
Georges Niang,CLE,WAS,W,21.23,1,7,0.143,1,6,0.167,0,0,0.0,3,3,6,1,1,0,0,2,3,2.4,2024-10-26
Patrick Baldwin,WAS,CLE,L,5.32,1,2,0.5,0,0,0.0,0,0,0.0,0,2,2,0,0,1,0,0,2,2.3,2024-10-26
Joe Ingles,MIN,TOR,W,5.6,0,0,0.0,0,0,0.0,0,0,0.0,1,0,1,4,0,0,0,3,0,2.3,2024-10-26
Naji Marshall,DAL,PHO,L,15.97,1,5,0.2,0,2,0.0,0,0,0.0,1,1,2,3,1,0,0,2,2,2.2,2024-10-26
Mason Plumlee,PHO,DAL,W,9.95,1,1,1.0,0,0,0.0,1,2,0.5,0,1,1,1,0,0,0,3,3,2.1,2024-10-26
Collin Gillespie,PHO,DAL,W,3.43,1,2,0.5,1,1,1.0,0,0,0.0,0,0,0,0,0,0,0,0,3,2.0,2024-10-26
Patrick Williams,CHI,OKC,L,26.38,1,8,0.125,1,4,0.25,0,0,0.0,2,6,8,2,1,0,1,1,3,2.0,2024-10-26
Maxi Kleber,DAL,PHO,L,15.78,1,2,0.5,0,1,0.0,0,0,0.0,0,1,1,2,0,0,0,2,2,1.9,2024-10-26
Kai Jones,LAC,DEN,W,3.73,0,0,0.0,0,0,0.0,0,0,0.0,1,1,2,0,0,1,0,0,0,1.7,2024-10-26
Mac McClung,ORL,MEM,L,4.88,0,0,0.0,0,0,0.0,0,0,0.0,0,1,1,2,0,0,0,0,0,1.7,2024-10-26
Max Christie,LAL,SAC,W,17.9,1,4,0.25,0,2,0.0,0,0,0.0,0,0,0,4,2,0,2,2,2,1.6,2024-10-26
Dean Wade,CLE,WAS,W,18.75,1,4,0.25,0,3,0.0,0,0,0.0,0,5,5,1,1,0,0,3,2,1.6,2024-10-26
Blake Wesley,SAS,HOU,W,6.05,1,3,0.333,0,0,0.0,0,0,0.0,0,1,1,2,0,0,0,1,2,1.6,2024-10-26
Kentavious Caldwell-Pope,ORL,MEM,L,28.25,1,6,0.167,0,4,0.0,1,1,1.0,0,2,2,1,2,1,1,2,3,1.4,2024-10-26
Duncan Robinson,MIA,CHO,W,15.38,2,8,0.25,0,5,0.0,0,0,0.0,0,0,0,1,0,2,0,0,4,1.3,2024-10-26
Damion Lee,PHO,DAL,W,17.67,1,3,0.333,0,2,0.0,0,0,0.0,0,3,3,2,0,0,1,1,2,1.2,2024-10-26
Jevon Carter,CHI,OKC,L,4.43,0,1,0.0,0,1,0.0,0,0,0.0,0,0,0,1,1,0,0,0,0,1.0,2024-10-26
Talen Horton-Tucker,CHI,OKC,L,4.43,0,0,0.0,0,0,0.0,2,2,1.0,1,1,2,0,0,0,2,0,2,1.0,2024-10-26
Johnny Davis,WAS,CLE,L,6.22,1,3,0.333,0,0,0.0,0,0,0.0,1,0,1,1,0,0,0,2,2,0.9,2024-10-26
Chris Boucher,TOR,MIN,L,15.98,2,8,0.25,0,4,0.0,0,2,0.0,1,8,9,0,0,0,0,2,4,0.7,2024-10-26
Dalen Terry,CHI,OKC,L,4.43,1,1,1.0,0,0,0.0,0,0,0.0,0,0,0,0,0,0,1,0,2,0.7,2024-10-26
Coby White,CHI,OKC,L,29.8,3,12,0.25,0,9,0.0,3,6,0.5,0,4,4,3,1,0,3,3,9,0.7,2024-10-26
P.J. Washington,DAL,PHO,L,35.28,2,10,0.2,1,5,0.2,0,0,0.0,2,4,6,0,1,1,1,4,5,0.5,2024-10-26
Matas Buzelis,CHI,OKC,L,7.12,1,3,0.333,0,0,0.0,1,2,0.5,1,0,1,0,0,0,1,1,3,0.2,2024-10-26
Amir Coffey,LAC,DEN,W,23.68,0,5,0.0,0,3,0.0,0,0,0.0,1,1,2,3,1,0,0,1,0,0.2,2024-10-26
Amen Thompson,HOU,SAS,L,19.9,0,3,0.0,0,2,0.0,1,2,0.5,2,2,4,2,0,0,1,2,1,0.1,2024-10-26
Gary Harris,ORL,MEM,L,4.42,0,0,0.0,0,0,0.0,0,0,0.0,0,0,0,0,0,0,0,0,0,0.0,2024-10-26
Dillon Jones,OKC,CHI,W,3.9,0,0,0.0,0,0,0.0,0,0,0.0,0,0,0,0,1,0,1,0,0,0.0,2024-10-26
Jordan McLaughlin,SAC,LAL,L,3.18,0,0,0.0,0,0,0.0,0,0,0.0,0,0,0,0,0,0,0,0,0,0.0,2024-10-26
Dwight Powell,DAL,PHO,L,1.02,0,0,0.0,0,0,0.0,0,0,0.0,0,0,0,0,0,0,0,0,0,0.0,2024-10-26
Olivier-Maxence Prosper,DAL,PHO,L,1.02,0,0,0.0,0,0,0.0,0,0,0.0,0,0,0,0,0,0,0,0,0,0.0,2024-10-26
Kyshawn George,WAS,CLE,L,26.55,0,7,0.0,0,4,0.0,2,4,0.5,2,2,4,4,0,4,2,5,2,-0.1,2024-10-26
Quentin Grimes,DAL,PHO,L,5.77,0,0,0.0,0,0,0.0,0,0,0.0,0,2,2,0,0,0,0,2,0,-0.2,2024-10-26
D.J. Carton,TOR,MIN,L,9.43,1,2,0.5,0,0,0.0,1,1,1.0,0,2,2,0,0,0,3,0,3,-0.4,2024-10-26
Alex Ducas,OKC,CHI,W,3.2,0,1,0.0,0,1,0.0,0,0,0.0,0,0,0,0,0,0,0,0,0,-0.7,2024-10-26
Tidjane SalaÃ¼n ,CHO,MIA,L,8.63,0,1,0.0,0,1,0.0,0,0,0.0,0,1,1,0,1,0,1,1,0,-0.8,2024-10-26
Dru Smith,MIA,CHO,W,2.85,0,0,0.0,0,0,0.0,0,0,0.0,1,0,1,1,0,0,1,3,0,-0.8,2024-10-26
Russell Westbrook,DEN,LAC,L,19.1,0,8,0.0,0,3,0.0,2,2,1.0,0,1,1,2,2,1,0,4,2,-0.8,2024-10-26
Peyton Watson,DEN,LAC,L,11.77,0,3,0.0,0,1,0.0,1,2,0.5,0,0,0,0,1,0,0,1,1,-0.9,2024-10-26
Jazian Gortman,DAL,PHO,L,1.02,0,0,0.0,0,0,0.0,0,0,0.0,0,0,0,0,0,0,1,0,0,-1.0,2024-10-26
Trevelin Queen,ORL,MEM,L,3.05,0,0,0.0,0,0,0.0,0,0,0.0,0,0,0,0,0,0,1,0,0,-1.0,2024-10-26
Dario Å ariÄ,DEN,LAC,L,11.23,0,2,0.0,0,0,0.0,0,0,0.0,1,1,2,0,0,0,0,2,0,-1.2,2024-10-26
Gabe Vincent,LAL,SAC,W,12.62,1,6,0.167,0,4,0.0,0,0,0.0,0,0,0,0,1,0,0,1,2,-1.2,2024-10-26
Lonzo Ball,CHI,OKC,L,15.57,1,6,0.167,1,5,0.2,0,0,0.0,0,5,5,1,0,0,2,2,3,-1.4,2024-10-26
Reed Sheppard,HOU,SAS,L,6.4,0,2,0.0,0,1,0.0,0,0,0.0,0,1,1,1,0,0,1,0,0,-1.4,2024-10-26
Jaylon Tyson,CLE,WAS,W,7.88,1,3,0.333,1,1,1.0,0,0,0.0,0,1,1,0,0,0,1,5,3,-1.4,2024-10-26
Terance Mann,LAC,DEN,W,20.88,0,4,0.0,0,2,0.0,0,0,0.0,1,2,3,1,0,0,0,2,0,-1.6,2024-10-26
Oso Ighodaro,PHO,DAL,W,7.08,0,1,0.0,0,0,0.0,0,0,0.0,0,1,1,0,0,0,1,1,0,-1.8,2024-10-26
Alex Len,SAC,LAL,L,9.28,0,2,0.0,0,1,0.0,0,0,0.0,0,2,2,1,0,1,2,1,0,-1.8,2024-10-26
Vasilije MiciÄ,CHO,MIA,L,9.73,0,3,0.0,0,1,0.0,0,0,0.0,0,0,0,1,0,0,0,1,0,-1.8,2024-10-26
Ayo Dosunmu,CHI,OKC,L,24.2,1,11,0.091,1,9,0.111,0,0,0.0,0,5,5,6,0,0,2,4,3,-2.2,2024-10-26
Yuki Kawamura,MEM,ORL,W,2.07,0,2,0.0,0,2,0.0,0,0,0.0,0,0,0,0,0,0,1,0,0,-2.4,2024-10-26
Tristan Thompson,CLE,WAS,W,5.32,0,0,0.0,0,0,0.0,0,4,0.0,0,1,1,0,0,0,1,1,0,-2.7,2024-10-26
Jaden Hardy,DAL,PHO,L,13.27,0,4,0.0,0,3,0.0,0,0,0.0,0,1,1,0,0,0,0,1,0,-2.9,2024-10-26
Kevin Porter,LAC,DEN,W,14.8,2,10,0.2,0,3,0.0,0,0,0.0,1,1,2,1,0,0,2,1,4,-2.9,2024-10-26
Shai Gilgeous-Alexander,OKC,ATL,W,36.02,11,24,0.458,3,8,0.375,10,11,0.909,2,9,11,9,3,3,1,3,35,35.5,2024-10-27
Tyrese Maxey,PHI,IND,W,47.78,14,32,0.438,5,17,0.294,12,15,0.8,0,4,4,4,1,2,5,3,45,27.2,2024-10-27
Chet Holmgren,OKC,ATL,W,33.28,8,12,0.667,3,5,0.6,6,8,0.75,2,7,9,4,1,6,3,2,25,26.7,2024-10-27
Dennis SchrÃ¶der,BRK,MIL,W,34.52,8,15,0.533,5,8,0.625,8,8,1.0,0,4,4,6,1,0,2,3,29,24.9,2024-10-27
Cam Thomas,BRK,MIL,W,34.98,10,21,0.476,2,8,0.25,10,11,0.909,1,4,5,2,2,0,2,0,32,24.2,2024-10-27
Ivica Zubac,LAC,GSW,W,37.52,10,19,0.526,0,0,0.0,3,4,0.75,6,12,18,6,2,1,4,1,23,23.6,2024-10-27
Andrew Wiggins,GSW,LAC,L,29.13,11,15,0.733,5,8,0.625,2,3,0.667,0,3,3,0,1,1,1,2,29,23.3,2024-10-27
Anfernee Simons,POR,NOP,W,32.83,8,17,0.471,5,10,0.5,6,6,1.0,0,2,2,6,2,0,2,0,27,23.1,2024-10-27
Jerami Grant,POR,NOP,W,28.62,9,17,0.529,2,7,0.286,8,12,0.667,1,4,5,2,2,4,3,3,28,22.0,2024-10-27
Giannis Antetokounmpo,MIL,BRK,L,33.32,7,11,0.636,0,0,0.0,8,11,0.727,1,11,12,7,1,1,4,3,22,21.3,2024-10-27
CJ McCollum,NOP,POR,L,35.85,10,21,0.476,3,10,0.3,4,6,0.667,0,4,4,3,4,0,3,2,27,19.0,2024-10-27
Deandre Ayton,POR,NOP,W,30.9,7,9,0.778,1,1,1.0,2,2,1.0,6,6,12,0,0,1,2,2,17,17.4,2024-10-27
Jalen Williams,OKC,ATL,W,32.88,8,17,0.471,0,3,0.0,4,8,0.5,2,7,9,5,2,0,0,4,20,17.1,2024-10-27
James Harden,LAC,GSW,W,35.65,6,19,0.316,2,12,0.167,9,9,1.0,1,6,7,11,0,0,5,1,23,16.9,2024-10-27
Pascal Siakam,IND,PHI,L,40.12,7,11,0.636,2,4,0.5,1,2,0.5,0,5,5,6,0,1,1,2,17,16.3,2024-10-27
Derrick Jones,LAC,GSW,W,35.42,7,10,0.7,3,4,0.75,1,2,0.5,4,0,4,0,2,0,2,2,18,15.4,2024-10-27
Bobby Portis,MIL,BRK,L,26.85,7,14,0.5,1,4,0.25,1,1,1.0,2,8,10,2,0,1,0,0,16,14.9,2024-10-27
Stephen Curry,GSW,LAC,L,26.7,6,11,0.545,4,7,0.571,2,2,1.0,0,4,4,6,2,1,6,1,18,14.4,2024-10-27
Toumani Camara,POR,NOP,W,33.65,5,8,0.625,2,3,0.667,0,1,0.0,2,1,3,4,2,0,0,3,12,13.3,2024-10-27
Damian Lillard,MIL,BRK,L,32.07,5,13,0.385,1,7,0.143,10,11,0.909,1,3,4,4,0,0,4,2,21,13.1,2024-10-27
Jordan Hawkins,NOP,POR,L,34.22,6,13,0.462,2,4,0.5,3,3,1.0,1,6,7,3,0,0,2,0,17,12.9,2024-10-27
Brook Lopez,MIL,BRK,L,28.97,6,9,0.667,3,5,0.6,0,0,0.0,0,4,4,0,2,0,1,1,15,12.9,2024-10-27
Obi Toppin,IND,PHI,L,22.85,4,8,0.5,1,3,0.333,6,7,0.857,2,2,4,1,2,0,2,1,15,12.9,2024-10-27
Luguentz Dort,OKC,ATL,W,28.83,5,7,0.714,4,6,0.667,2,2,1.0,1,1,2,1,0,0,0,5,16,12.8,2024-10-27
Nic Claxton,BRK,MIL,W,21.78,5,6,0.833,0,0,0.0,0,0,0.0,5,6,11,1,0,2,1,4,10,12.6,2024-10-27
Kevon Looney,GSW,LAC,L,20.07,4,9,0.444,0,0,0.0,2,4,0.5,5,6,11,3,3,0,1,4,10,12.3,2024-10-27
Donovan Clingan,POR,NOP,W,13.15,4,6,0.667,0,0,0.0,1,1,1.0,6,3,9,0,0,2,0,3,9,11.7,2024-10-27
David Roddy,ATL,OKC,L,19.63,4,5,0.8,1,1,1.0,1,3,0.333,2,3,5,3,0,0,0,0,10,11.7,2024-10-27
Trae Young,ATL,OKC,L,37.05,7,14,0.5,2,7,0.286,8,8,1.0,0,1,1,8,0,0,10,3,24,11.7,2024-10-27
Tyrese Haliburton,IND,PHI,L,37.3,8,18,0.444,4,9,0.444,2,5,0.4,1,3,4,2,0,1,3,2,22,11.3,2024-10-27
Zaccharie Risacher,ATL,OKC,L,26.92,6,12,0.5,0,2,0.0,1,2,0.5,3,3,6,2,1,1,1,1,13,11.3,2024-10-27
Andre Drummond,PHI,IND,W,37.23,4,6,0.667,0,1,0.0,1,1,1.0,5,12,17,1,2,1,4,5,9,10.9,2024-10-27
Garrison Mathews,ATL,OKC,L,21.62,4,9,0.444,4,8,0.5,2,2,1.0,1,1,2,2,2,0,1,5,14,10.7,2024-10-27
Onyeka Okongwu,ATL,OKC,L,23.37,3,9,0.333,1,2,0.5,7,9,0.778,2,1,3,1,1,0,0,2,14,10.7,2024-10-27
Norman Powell,LAC,GSW,W,28.08,8,15,0.533,2,7,0.286,2,3,0.667,0,1,1,0,0,1,1,4,20,10.7,2024-10-27
Cameron Johnson,BRK,MIL,W,28.52,5,12,0.417,3,9,0.333,0,0,0.0,0,6,6,3,2,0,1,3,13,10.3,2024-10-27
Kris Dunn,LAC,GSW,W,28.45,3,5,0.6,0,2,0.0,0,1,0.0,0,9,9,4,4,0,2,2,6,10.0,2024-10-27
Jonathan Kuminga,GSW,LAC,L,22.05,4,10,0.4,1,6,0.167,3,6,0.5,3,2,5,1,3,0,1,2,12,10.0,2024-10-27
Eric Gordon,PHI,IND,W,31.85,5,10,0.5,2,7,0.286,3,4,0.75,0,1,1,1,0,1,1,1,15,9.9,2024-10-27
Brandon Ingram,NOP,POR,L,31.62,7,17,0.412,0,3,0.0,0,0,0.0,1,7,8,6,0,0,2,2,14,9.1,2024-10-27
Clint Capela,ATL,OKC,L,21.58,3,8,0.375,0,0,0.0,0,1,0.0,5,5,10,2,1,1,0,1,6,8.9,2024-10-27
Herbert Jones,NOP,POR,L,31.17,5,7,0.714,1,3,0.333,1,2,0.5,2,0,2,1,2,0,2,5,12,8.8,2024-10-27
T.J. McConnell,IND,PHI,L,21.43,5,10,0.5,0,0,0.0,0,0,0.0,2,3,5,4,1,0,2,1,10,8.7,2024-10-27
KJ Martin,PHI,IND,W,21.58,3,3,1.0,1,1,1.0,1,2,0.5,2,1,3,1,1,0,0,4,8,8.5,2024-10-27
Aaron Wiggins,OKC,ATL,W,18.1,3,4,0.75,1,2,0.5,2,2,1.0,1,0,1,1,1,0,1,1,9,8.4,2024-10-27
Aaron Nesmith,IND,PHI,L,28.42,2,4,0.5,1,1,1.0,5,5,1.0,1,6,7,1,1,0,2,5,10,8.2,2024-10-27
Deni Avdija,POR,NOP,W,29.93,4,12,0.333,1,5,0.2,2,2,1.0,3,3,6,3,1,0,1,3,11,8.1,2024-10-27
Caleb Martin,PHI,IND,W,36.83,6,16,0.375,1,5,0.2,4,6,0.667,4,8,12,1,1,0,5,4,17,7.7,2024-10-27
Yves Missi,NOP,POR,L,20.23,2,4,0.5,0,0,0.0,1,1,1.0,3,0,3,2,2,2,1,3,5,7.7,2024-10-27
Javonte Green,NOP,POR,L,15.48,2,3,0.667,1,2,0.5,2,2,1.0,2,1,3,0,0,2,0,3,7,7.6,2024-10-27
Zion Williamson,NOP,POR,L,28.03,3,12,0.25,0,0,0.0,8,10,0.8,2,1,3,4,0,1,3,3,14,7.0,2024-10-27
Ben Sheppard,IND,PHI,L,15.02,2,3,0.667,2,2,1.0,0,0,0.0,0,2,2,2,0,0,0,0,6,6.7,2024-10-27
Amir Coffey,LAC,GSW,W,19.72,3,5,0.6,1,1,1.0,1,2,0.5,1,2,3,0,0,0,0,1,8,6.2,2024-10-27
Kyle Lowry,PHI,IND,W,17.13,2,4,0.5,2,3,0.667,0,0,0.0,0,1,1,2,1,0,0,2,6,5.9,2024-10-27
De'Anthony Melton,GSW,LAC,L,17.1,3,5,0.6,2,4,0.5,0,0,0.0,0,1,1,0,0,1,0,2,8,5.9,2024-10-27
Andrew Nembhard,IND,PHI,L,31.42,3,11,0.273,1,4,0.25,3,4,0.75,0,2,2,8,0,0,1,6,10,5.9,2024-10-27
Myles Turner,IND,PHI,L,37.27,4,11,0.364,2,5,0.4,4,8,0.5,0,4,4,2,4,1,6,5,14,5.6,2024-10-27
Kelly Oubre,PHI,IND,W,37.9,6,18,0.333,0,4,0.0,2,3,0.667,3,5,8,0,2,0,2,4,14,5.4,2024-10-27
Noah Clowney,BRK,MIL,W,21.2,4,13,0.308,3,8,0.375,2,2,1.0,1,3,4,0,0,0,1,2,13,5.3,2024-10-27
Ziaire Williams,BRK,MIL,W,18.43,3,8,0.375,1,2,0.5,0,0,0.0,2,2,4,0,1,1,0,3,7,5.1,2024-10-27
Gary Payton,GSW,LAC,L,13.55,2,5,0.4,0,1,0.0,2,2,1.0,2,1,3,0,0,0,0,1,6,4.6,2024-10-27
Ben Simmons,BRK,MIL,W,23.78,1,3,0.333,0,0,0.0,0,0,0.0,2,4,6,6,1,0,2,4,2,4.5,2024-10-27
Jose Alvarado,NOP,POR,L,15.7,1,5,0.2,1,4,0.25,0,0,0.0,1,0,1,4,1,1,0,2,3,4.3,2024-10-27
Daniel Theis,NOP,POR,L,16.55,1,2,0.5,0,1,0.0,0,0,0.0,1,3,4,1,0,2,0,1,2,4.3,2024-10-27
Nicolas Batum,LAC,GSW,W,15.47,2,4,0.5,1,3,0.333,0,0,0.0,2,2,4,2,0,0,1,3,5,4.2,2024-10-27
Dyson Daniels,ATL,OKC,L,34.28,3,11,0.273,0,4,0.0,1,2,0.5,2,6,8,2,1,1,1,3,7,4.2,2024-10-27
Kevin Porter,LAC,GSW,W,16.8,2,7,0.286,1,2,0.5,2,2,1.0,0,0,0,3,2,0,2,3,7,3.8,2024-10-27
Jabari Walker,POR,NOP,W,14.53,2,7,0.286,1,2,0.5,2,2,1.0,2,3,5,0,0,1,1,3,7,3.7,2024-10-27
Cason Wallace,OKC,ATL,W,23.3,2,6,0.333,1,4,0.25,0,0,0.0,0,4,4,1,3,0,2,2,5,3.7,2024-10-27
Alex Caruso,OKC,ATL,W,21.35,1,3,0.333,0,2,0.0,0,1,0.0,1,1,2,1,3,2,2,1,2,3.6,2024-10-27
Ousmane Dieng,OKC,ATL,W,8.4,2,4,0.5,1,3,0.333,0,0,0.0,0,1,1,0,0,0,0,0,5,3.3,2024-10-27
Adam Flagler,OKC,ATL,W,1.88,1,1,1.0,1,1,1.0,0,0,0.0,0,1,1,0,0,0,0,0,3,3.0,2024-10-27
Guerschon Yabusele,PHI,IND,W,17.28,0,4,0.0,0,2,0.0,0,0,0.0,5,1,6,4,1,0,1,2,0,3.0,2024-10-27
Taurean Prince,MIL,BRK,L,33.95,1,4,0.25,1,2,0.5,0,0,0.0,2,5,7,1,1,0,2,1,3,2.8,2024-10-27
Rayan Rupert,POR,NOP,W,3.72,0,0,0.0,0,0,0.0,0,0,0.0,1,1,2,1,2,0,1,0,0,2.7,2024-10-27
Scoot Henderson,POR,NOP,W,30.32,2,12,0.167,1,4,0.25,4,4,1.0,1,4,5,7,0,0,4,4,9,2.6,2024-10-27
Ajay Mitchell,OKC,ATL,W,14.45,0,1,0.0,0,0,0.0,0,0,0.0,0,3,3,3,0,1,0,1,0,2.6,2024-10-27
Jarace Walker,IND,PHI,L,4.28,1,1,1.0,0,0,0.0,1,1,1.0,0,1,1,0,0,0,0,1,3,2.6,2024-10-27
Jalen Wilson,BRK,MIL,W,14.32,1,1,1.0,0,0,0.0,0,0,0.0,0,1,1,2,0,0,0,2,2,2.6,2024-10-27
Alex Reese,OKC,ATL,W,1.88,1,1,1.0,0,0,0.0,0,0,0.0,1,0,1,0,0,0,0,0,2,2.4,2024-10-27
A.J. Green,MIL,BRK,L,12.87,1,4,0.25,1,4,0.25,2,2,1.0,0,0,0,1,0,0,1,0,5,2.3,2024-10-27
Andre Jackson,MIL,BRK,L,3.43,0,0,0.0,0,0,0.0,0,0,0.0,0,0,0,1,2,0,0,1,0,2.3,2024-10-27
Jaylen Martin,BRK,MIL,W,1.97,1,1,1.0,1,1,1.0,0,0,0.0,0,0,0,0,0,0,0,1,3,2.3,2024-10-27
Tyler Smith,MIL,BRK,L,3.43,1,1,1.0,0,0,0.0,0,0,0.0,0,1,1,0,0,0,0,0,2,2.0,2024-10-27
Kris Murray,POR,NOP,W,15.17,2,3,0.667,1,2,0.5,0,2,0.0,0,1,1,1,0,0,2,0,5,1.9,2024-10-27
Bennedict Mathurin,IND,PHI,L,21.15,2,6,0.333,0,4,0.0,1,2,0.5,1,1,2,2,0,0,1,2,5,1.8,2024-10-27
AJ Johnson,MIL,BRK,L,3.43,1,1,1.0,0,0,0.0,0,0,0.0,0,0,0,0,0,0,0,0,2,1.7,2024-10-27
Vit Krejci,ATL,OKC,L,20.25,2,7,0.286,1,3,0.333,0,0,0.0,1,3,4,2,1,0,2,3,5,1.7,2024-10-27
Jared McCain,PHI,IND,W,17.4,2,5,0.4,0,2,0.0,0,0,0.0,1,1,2,1,0,0,1,1,4,1.6,2024-10-27
Gary Trent,MIL,BRK,L,27.9,2,8,0.25,2,6,0.333,3,4,0.75,0,0,0,2,0,0,2,4,9,1.6,2024-10-27
Keaton Wallace,ATL,OKC,L,3.05,0,1,0.0,0,0,0.0,2,2,1.0,0,1,1,0,0,0,0,0,2,1.6,2024-10-27
Pat Connaughton,MIL,BRK,L,17.07,1,4,0.25,1,3,0.333,0,0,0.0,1,2,3,2,0,0,1,2,3,1.5,2024-10-27
Dorian Finney-Smith,BRK,MIL,W,24.83,1,8,0.125,1,7,0.143,0,0,0.0,1,2,3,2,2,0,0,3,3,1.3,2024-10-27
Isaiah Jackson,IND,PHI,L,5.75,1,1,1.0,0,0,0.0,0,0,0.0,0,1,1,0,0,1,1,1,2,1.3,2024-10-27
Trayce Jackson-Davis,GSW,LAC,L,15.95,2,6,0.333,0,0,0.0,0,0,0.0,0,1,1,1,0,1,1,0,4,1.3,2024-10-27
Isaiah Joe,OKC,ATL,W,15.85,2,7,0.286,2,5,0.4,0,0,0.0,1,0,1,1,0,0,1,3,6,1.1,2024-10-27
Brandin Podziemski,GSW,LAC,L,24.7,2,8,0.25,0,5,0.0,0,0,0.0,1,4,5,4,0,0,2,2,4,1.1,2024-10-27
Dalano Banton,POR,NOP,W,3.47,0,0,0.0,0,0,0.0,0,0,0.0,0,1,1,1,0,0,0,0,0,1.0,2024-10-27
Mouhamed Gueye,ATL,OKC,L,3.05,1,2,0.5,0,1,0.0,0,0,0.0,0,0,0,0,0,0,0,0,2,1.0,2024-10-27
Karlo MatkoviÄ,NOP,POR,L,3.72,1,1,1.0,0,0,0.0,0,0,0.0,2,1,3,0,0,0,2,1,2,1.0,2024-10-27
Shake Milton,BRK,MIL,W,1.97,0,0,0.0,0,0,0.0,0,0,0.0,0,0,0,1,0,0,0,0,0,0.7,2024-10-27
Yongxi Cui,BRK,MIL,W,1.97,0,0,0.0,0,0,0.0,1,2,0.5,0,0,0,0,0,0,0,0,1,0.6,2024-10-27
MarJon Beauchamp,MIL,BRK,L,3.43,1,3,0.333,0,1,0.0,2,2,1.0,0,0,0,0,1,0,2,2,4,0.5,2024-10-27
Jeremiah Robinson-Earl,NOP,POR,L,3.72,0,0,0.0,0,0,0.0,0,0,0.0,0,0,0,0,0,0,0,0,0,0.0,2024-10-27
Lindy Waters,GSW,LAC,L,0.53,0,0,0.0,0,0,0.0,0,0,0.0,0,0,0,0,0,0,0,0,0,0.0,2024-10-27
Draymond Green,GSW,LAC,L,26.82,0,2,0.0,0,1,0.0,2,2,1.0,0,5,5,2,0,0,2,4,2,-0.1,2024-10-27
Kai Jones,LAC,GSW,W,4.58,0,1,0.0,0,0,0.0,0,0,0.0,0,1,1,1,0,0,0,1,0,-0.1,2024-10-27
Kyle Anderson,GSW,LAC,L,3.77,0,0,0.0,0,0,0.0,0,0,0.0,1,0,1,0,0,0,1,0,0,-0.3,2024-10-27
Dillon Jones,OKC,ATL,W,1.88,0,0,0.0,0,0,0.0,0,0,0.0,0,0,0,0,0,0,0,1,0,-0.4,2024-10-27
Buddy Hield,GSW,LAC,L,27.88,3,14,0.214,1,9,0.111,1,1,1.0,1,5,6,2,1,1,4,3,8,-0.5,2024-10-27
Moses Moody,GSW,LAC,L,11.75,1,3,0.333,1,2,0.5,0,2,0.0,1,1,2,0,0,0,2,1,3,-0.9,2024-10-27
Alex Ducas,OKC,ATL,W,1.88,0,2,0.0,0,1,0.0,0,0,0.0,0,0,0,0,0,0,0,0,0,-1.4,2024-10-27
Duop Reath,POR,NOP,W,3.72,0,2,0.0,0,1,0.0,0,0,0.0,0,0,0,0,0,0,0,0,0,-1.4,2024-10-27
Delon Wright,MIL,BRK,L,13.28,0,2,0.0,0,1,0.0,0,0,0.0,0,2,2,0,0,1,1,1,0,-1.5,2024-10-27
Jalen Johnson,ATL,OKC,L,29.2,3,13,0.231,1,3,0.333,0,0,0.0,1,8,9,2,0,1,4,5,7,-1.7,2024-10-27
Dariq Miller-Whitehead,BRK,MIL,W,1.97,0,0,0.0,0,0,0.0,0,0,0.0,0,1,1,0,0,0,2,0,0,-1.7,2024-10-27
Antonio Reeves,NOP,POR,L,3.72,0,3,0.0,0,2,0.0,0,0,0.0,0,1,1,0,0,0,0,0,0,-1.8,2024-10-27
Terance Mann,LAC,GSW,W,18.32,1,5,0.2,0,1,0.0,0,0,0.0,0,1,1,0,1,0,1,3,2,-2.0,2024-10-27
Keon Johnson,BRK,MIL,W,9.77,0,3,0.0,0,2,0.0,0,0,0.0,0,2,2,0,0,0,1,1,0,-2.9,2024-10-27
Paolo Banchero,ORL,IND,W,39.62,16,26,0.615,3,9,0.333,15,22,0.682,4,9,13,9,1,2,4,4,50,44.0,2024-10-28
Nikola JokiÄ,DEN,TOR,W,43.68,18,27,0.667,3,5,0.6,1,2,0.5,3,7,10,4,1,2,3,2,40,33.5,2024-10-28
Damian Lillard,MIL,BOS,L,35.53,7,15,0.467,2,8,0.25,17,18,0.944,1,6,7,7,2,1,1,2,33,33.2,2024-10-28
Darius Garland,CLE,NYK,W,32.75,12,19,0.632,5,8,0.625,5,5,1.0,1,2,3,3,2,2,3,3,34,28.1,2024-10-28
Jalen Johnson,ATL,WAS,L,38.8,11,17,0.647,1,3,0.333,6,7,0.857,2,10,12,7,1,1,3,3,29,27.9,2024-10-28
Jimmy Butler,MIA,DET,W,33.73,7,11,0.636,0,1,0.0,9,11,0.818,3,1,4,7,4,0,0,2,23,27.8,2024-10-28
Payton Pritchard,BOS,MIL,W,27.68,10,14,0.714,8,12,0.667,0,0,0.0,2,3,5,3,2,0,2,2,28,25.8,2024-10-28
Kevin Durant,PHO,LAL,W,38.15,11,20,0.55,2,6,0.333,6,7,0.857,0,8,8,4,0,4,2,2,30,25.2,2024-10-28
Anthony Davis,LAL,PHO,L,35.5,12,24,0.5,0,2,0.0,5,6,0.833,5,10,15,3,1,3,3,1,29,24.9,2024-10-28
Desmond Bane,MEM,CHI,L,31.43,11,19,0.579,6,10,0.6,2,2,1.0,2,5,7,4,0,0,1,3,30,24.6,2024-10-28
Zach LaVine,CHI,MEM,W,34.6,12,22,0.545,5,12,0.417,1,1,1.0,0,3,3,4,1,0,1,0,30,23.1,2024-10-28
Jalen Green,HOU,SAS,W,37.53,11,22,0.5,7,13,0.538,7,7,1.0,0,1,1,2,0,0,4,0,36,22.7,2024-10-28
Devin Booker,PHO,LAL,W,39.42,11,23,0.478,3,8,0.375,8,8,1.0,1,2,3,2,1,0,2,1,33,22.6,2024-10-28
Scottie Barnes,TOR,DEN,L,35.3,9,19,0.474,1,3,0.333,2,4,0.5,2,10,12,9,5,1,4,1,21,22.5,2024-10-28
Kyrie Irving,DAL,UTA,W,35.68,8,14,0.571,3,6,0.5,4,4,1.0,2,4,6,9,1,1,4,2,23,22.2,2024-10-28
Jalen Suggs,ORL,IND,W,34.75,8,17,0.471,6,13,0.462,3,4,0.75,1,4,5,7,1,1,2,1,25,22.0,2024-10-28
Pascal Siakam,IND,ORL,L,33.82,10,18,0.556,2,5,0.4,4,5,0.8,2,7,9,4,2,0,2,5,26,21.3,2024-10-28
Tyrese Haliburton,IND,ORL,L,35.07,6,15,0.4,4,9,0.444,3,4,0.75,3,6,9,10,1,0,1,1,19,21.0,2024-10-28
DeMar DeRozan,SAC,POR,W,33.9,7,14,0.5,0,1,0.0,9,10,0.9,1,3,4,3,3,0,1,1,23,20.9,2024-10-28
Jordan Poole,WAS,ATL,W,32.93,9,17,0.529,6,8,0.75,2,2,1.0,1,0,1,5,2,0,3,3,26,19.7,2024-10-28
Austin Reaves,LAL,PHO,L,37.85,8,15,0.533,5,9,0.556,2,3,0.667,0,8,8,3,2,0,1,3,23,19.6,2024-10-28
Jaylen Brown,BOS,MIL,W,38.0,10,19,0.526,0,4,0.0,10,14,0.714,1,5,6,4,0,0,4,2,30,19.3,2024-10-28
Aaron Gordon,DEN,TOR,W,42.12,4,8,0.5,2,2,1.0,6,8,0.75,5,6,11,8,2,1,5,2,16,19.0,2024-10-28
Collin Sexton,UTA,DAL,L,27.68,9,11,0.818,2,3,0.667,3,4,0.75,0,4,4,2,1,0,2,3,23,18.9,2024-10-28
Cade Cunningham,DET,MIA,L,34.87,9,18,0.5,4,7,0.571,2,3,0.667,1,7,8,6,2,1,5,4,24,17.7,2024-10-28
Nikola VuÄeviÄ,CHI,MEM,W,35.0,9,19,0.474,4,8,0.5,0,0,0.0,2,5,7,5,0,1,1,3,22,17.2,2024-10-28
Domantas Sabonis,SAC,POR,W,35.87,5,8,0.625,1,2,0.5,5,6,0.833,2,11,13,7,0,0,3,4,16,17.0,2024-10-28
Jrue Holiday,BOS,MIL,W,32.72,7,12,0.583,4,7,0.571,3,3,1.0,0,4,4,3,0,0,1,2,21,16.9,2024-10-28
Jakob Poeltl,TOR,DEN,L,40.18,7,13,0.538,0,0,0.0,2,2,1.0,8,11,19,2,0,1,3,2,16,16.9,2024-10-28
Jeremy Sochan,SAS,HOU,L,33.65,9,19,0.474,0,1,0.0,4,5,0.8,5,4,9,4,0,1,2,3,22,16.9,2024-10-28
Bam Adebayo,MIA,DET,W,34.77,5,9,0.556,0,2,0.0,2,4,0.5,1,9,10,4,3,3,1,1,12,16.8,2024-10-28
Jarrett Allen,CLE,NYK,W,31.4,5,7,0.714,0,0,0.0,5,7,0.714,5,10,15,1,1,0,2,2,15,16.7,2024-10-28
Mikal Bridges,NYK,CLE,L,40.17,9,15,0.6,1,4,0.25,0,0,0.0,4,2,6,3,2,1,2,4,19,16.7,2024-10-28
Kyle Kuzma,WAS,ATL,W,40.42,8,20,0.4,5,9,0.556,4,6,0.667,2,9,11,7,0,0,5,2,25,16.6,2024-10-28
Jake LaRavia,MEM,CHI,L,30.75,7,11,0.636,1,3,0.333,2,5,0.4,2,7,9,5,0,0,1,1,17,16.5,2024-10-28
Josh Giddey,CHI,MEM,W,27.93,4,10,0.4,2,4,0.5,2,4,0.5,4,9,13,8,1,1,2,1,12,16.2,2024-10-28
Larry Nance,ATL,WAS,L,23.12,6,9,0.667,3,5,0.6,0,0,0.0,3,0,3,4,2,1,1,4,15,16.1,2024-10-28
Rui Hachimura,LAL,PHO,L,31.35,8,18,0.444,3,3,1.0,1,1,1.0,5,5,10,1,1,1,0,5,20,16.0,2024-10-28
Kevin Huerter,SAC,POR,W,32.9,7,12,0.583,4,9,0.444,0,0,0.0,0,1,1,4,0,3,0,4,18,16.0,2024-10-28
Donovan Mitchell,CLE,NYK,W,33.25,9,17,0.529,3,8,0.375,4,4,1.0,0,2,2,5,0,0,4,3,25,15.6,2024-10-28
Coby White,CHI,MEM,W,32.0,6,15,0.4,5,10,0.5,3,3,1.0,1,1,2,5,0,0,0,2,20,15.6,2024-10-28
Deandre Ayton,POR,SAC,L,34.02,10,17,0.588,0,0,0.0,0,0,0.0,3,8,11,1,0,0,1,2,20,15.5,2024-10-28
Dereck Lively,DAL,UTA,W,26.47,7,10,0.7,0,0,0.0,0,0,0.0,3,1,4,2,1,3,0,3,14,15.5,2024-10-28
Jalen Smith,CHI,MEM,W,11.52,4,5,0.8,3,4,0.75,5,9,0.556,0,7,7,1,1,0,0,2,16,15.5,2024-10-28
Jalen Duren,DET,MIA,L,28.78,5,6,0.833,0,0,0.0,0,0,0.0,4,7,11,2,0,3,0,2,10,15.4,2024-10-28
De'Aaron Fox,SAC,POR,W,35.33,9,20,0.45,2,8,0.25,4,4,1.0,1,5,6,3,2,0,3,4,24,15.3,2024-10-28
Victor Wembanyama,SAS,HOU,L,35.22,6,14,0.429,1,5,0.2,1,2,0.5,5,15,20,5,0,4,4,3,14,15.3,2024-10-28
Josh Hart,NYK,CLE,L,37.83,4,10,0.4,2,5,0.4,6,6,1.0,4,9,13,2,3,0,5,1,16,15.1,2024-10-28
Scotty Pippen ,MEM,CHI,L,30.68,6,13,0.462,2,4,0.5,0,0,0.0,1,3,4,10,1,1,1,4,14,15.0,2024-10-28
Giannis Antetokounmpo,MIL,BOS,L,39.08,14,26,0.538,0,2,0.0,2,6,0.333,1,9,10,6,0,0,7,4,30,14.8,2024-10-28
Christian Braun,DEN,TOR,W,39.65,6,11,0.545,1,4,0.25,4,4,1.0,2,2,4,2,1,1,1,3,17,14.6,2024-10-28
Clint Capela,ATL,WAS,L,24.88,6,6,1.0,0,0,0.0,4,6,0.667,1,3,4,2,1,1,2,4,16,14.5,2024-10-28
Walker Kessler,UTA,DAL,L,29.97,6,11,0.545,0,0,0.0,0,2,0.0,4,7,11,1,2,2,0,1,12,14.5,2024-10-28
Tim Hardaway,DET,MIA,L,33.48,5,10,0.5,3,6,0.5,7,7,1.0,0,0,0,1,0,0,1,1,20,14.3,2024-10-28
Santi Aldama,MEM,CHI,L,35.02,5,13,0.385,1,5,0.2,0,0,0.0,4,9,13,7,0,1,1,0,11,14.0,2024-10-28
Evan Mobley,CLE,NYK,W,35.8,7,12,0.583,1,1,1.0,2,2,1.0,0,8,8,1,0,3,1,4,17,14.0,2024-10-28
Jaren Jackson,MEM,CHI,L,24.47,9,16,0.563,1,4,0.25,0,2,0.0,2,4,6,1,1,3,2,3,19,13.8,2024-10-28
Jamal Murray,DEN,TOR,W,39.72,6,20,0.3,0,2,0.0,5,5,1.0,1,8,9,7,1,0,0,2,17,13.6,2024-10-28
